External ID,Sample
CSM5FZ4M,SM-6OSOQ
CSM5MCUO,SM-6V2CY
CSM5MCVL,SM-6V2D3
CSM5MCVN,SM-6X9WU
CSM5MCW6,SM-6XSVC
CSM5MCWC,SM-6X9WY
CSM5MCWE,SM-6YAZR
CSM5MCWG,SM-6ZKSQ
CSM5MCWQ,SM-6Y2V2
CSM5MCX3,SM-6ZKT1
CSM5MCXD,SM-6UG7A
CSM5MCXH,SM-6WJN5
CSM5MCXJ,SM-6X9X3
CSM5MCXL,SM-6YAZN
CSM5MCXN,SM-6ZKSL
CSM5MCXP,SM-71WXL
CSM5MCXR,SM-73JY2
CSM5MCXT,SM-6WU1Q
CSM5MCXV,SM-6XTT7
CSM5MCY2,SM-72PHG
CSM5MCY4,SM-6WOCD
CSM5MCY8,SM-6ZEVH
CSM5MCYS,SM-6YB14
CSM5MCYW,SM-6ZIEW
CSM5MCZ3,SM-74Y93
CSM5MCZ5,SM-7DGV9
CSM5MCZ7,SM-7F1S1
CSM5MCZB,SM-6ZKSU
CSM5MCZD,SM-6ZT41
CSM5MCZF,SM-72PHS
CSM67U9B,SM-74Y8I
CSM67U9D,SM-77FXJ
CSM67U9H_P,SM-6ZUHE
CSM67U9H,SM-6ZUHE
CSM67U9J,SM-6ZKYB
CSM67U9N,SM-74Y8U
CSM67UA2,SM-71WY2
CSM67UAA,SM-76CAL
CSM67UAG,SM-7CP3K
CSM67UAK,SM-74Y8Q
CSM67UAM,SM-76CAP
CSM67UAO,SM-791CG
CSM67UAQ,SM-7BF1T
CSM67UAS,SM-7CP3S
CSM67UAU,SM-73JXX
CSM67UAW,SM-76EOL
CSM67UAY,SM-791BN
CSM67UB1,SM-7BF22
CSM67UB3,SM-7CRX6
CSM67UB9,SM-791BZ
CSM67UBB,SM-7BP5C
CSM67UBF,SM-73JXT
CSM67UBH,SM-76CAT
CSM67UBN,SM-7CP3G
CSM67UBR,SM-7EDAG
CSM67UBX,SM-75D9H
CSM67UBZ,SM-77VQ3
CSM67UC6,SM-7EWUK
CSM67UCK,SM-7AK5Y
CSM67UDF,SM-76EOH
CSM67UDJ,SM-791BV
CSM67UDN,SM-7BF2I
CSM67UDR,SM-7CRJ7
CSM67UDR_TR,SM-7CRJ7
CSM67UDY,SM-7EWUG
CSM67UE3,SM-77M5S
CSM67UE7,SM-7AA2D
CSM67UEA,SM-7BP5K
CSM67UEI,SM-7I1G7
CSM67UEM,SM-7FK4T
CSM67UEW,SM-7CM7M
CSM67UEW_TR,SM-7CM7M
CSM67UF5,SM-7FVSS
CSM67UFV,SM-791C4
CSM67UFZ,SM-7BF2M
CSM67UG8,SM-7GYJ7
CSM67UGC,SM-791C8
CSM67UGO,SM-7DN3V
CSM67UH7,SM-7B7LB
CSM79HG5,SM-7BF2E
CSM79HGF,SM-7DN3N
CSM79HGP,SM-7CRX2
CSM79HGX,SM-7H4HD
CSM79HGZ,SM-7IWF9
CSM79HH4,SM-7EDAW
CSM79HH8,SM-7GYJZ
CSM79HHA,SM-7IL1W
CSM79HHM,SM-7F442
CSM79HHO,SM-7D34O
CSM79HHU,SM-7HXK9
CSM79HI3,SM-7EWUC
CSM79HI7,SM-7IL1O
CSM79HIB,SM-7MCUF
CSM79HID,SM-7EDB1
CSM79HIF,SM-7EWTV
CSM79HIH,SM-7GYJR
CSM79HIJ,SM-7IL14
CSM79HIL,SM-7KPUT
CSM79HIN,SM-7M8SY
CSM79HIR,SM-7F43T
CSM79HIT,SM-7HAI4
CSM79HIV,SM-7IWFH
CSM79HIX,SM-7L29N
CSM79HIZ,SM-7MCUV
CSM79HJA,SM-7KPVI
CSM79HJM,SM-7EWUS
CSM79HJO,SM-7FK4P
CSM79HJQ,SM-7H4H9
CSM79HJS,SM-7K1V9
CSM79HJU,SM-7LDKD
CSM79HJW,SM-7EWTR
CSM79HJY,SM-7GYJF
CSM79HK9,SM-7FK4X
CSM79HKB,SM-7IL1S
CSM79HKT,SM-7K266
CSM79HKV,SM-7LDJ4
CSM79HKX,SM-7GYJJ
CSM79HKZ,SM-7J5UD
CSM79HL4,SM-7MM9U
CSM79HL6,SM-7RFZ2
CSM79HLA,SM-7GYJN
CSM79HLA_TR,SM-7GYJN
CSM79HLC,SM-7MOQL
CSM79HLE,SM-7KPUP
CSM79HLG,SM-7IL1C
CSM79HLI,SM-7ORRF
CSM79HLK,SM-9HC92
CSM79HLM,SM-7I9GC
CSM79HM1,SM-7KPUX
CSM79HM7,SM-9JISF
CSM79HMN,SM-7IL1G
CSM79HMP,SM-7KPVU
CSM79HMT,SM-7ORRR
CSM79HN2,SM-7JHEL
CSM79HN6,SM-7NSP1
CSM79HNE,SM-7K1VD
CSM79HNI,SM-7MWXN
CSM79HNK,SM-7R3AO
CSM79HNM,SM-9IMCK
CSM79HNO,SM-7K1WK
CSM79HNU,SM-7R3AK
CSM79HNW,SM-9IMCC
CSM79HO1,SM-7K25X
CSM79HOF,SM-7MWXR
CSM79HOH,SM-7R3AS
CSM79HOJ,SM-7K1WG
CSM79HOL,SM-7LDIV
CSM79HOT,SM-9KONH
CSM79HOV,SM-7L41M
CSM79HOX,SM-7MCU7
CSM79HOZ,SM-7ORRV
CSM79HP2,SM-9HKX1
CSM79HP4,SM-9KOPV
CSM79HP6,SM-9NBE9
CSM79HPA,SM-7M8S2
CSM79HPA_TR,SM-7M8S2
CSM79HPC,SM-7ORRJ
CSM79HPK,SM-7LDJ8
CSM79HPO,SM-9MNAZ
CSM79HPS,SM-9JYA2
CSM79HPU,SM-9NBFA
CSM79HQ9,SM-7NH6Q
CSM79HQB,SM-7RFZA
CSM79HQF,SM-9LB6M
CSM79HQV,SM-7MX8A
CSM79HQX,SM-7R3BP
CSM79HQZ,SM-9J5JQ
CSM79HR2,SM-9KONP
CSM79HR4,SM-9NK5S
CSM79HR6,SM-9QMNL
CSM79HR8,SM-9HV42
CSM79HRC,SM-9JYAU
CSM79HRE,SM-9N797
CSM79HRG,SM-9O9R1
CSM7KOJE,SM-7ORRB
CSM7KOJG,SM-9HC8B
CSM7KOJO,SM-9RRZP
CSM7KOJQ,SM-7ORRN
CSM7KOJS,SM-9HC9A
CSM7KOJU,SM-9JUER
CSM7KOJW,SM-9MNDA
CSM7KOJY,SM-9OS6R
CSM7KOK1,SM-9RTVC
CSM7KOK3,SM-7PO9F
CSM7KOK5,SM-9HKWW
CSM7KOK7,SM-9JUDM
CSM7KOKB,SM-9PJ1I
CSM7KOKD,SM-9RYIP
CSM7KOKF,SM-7PO9J
CSM7KOKJ,SM-9JUDI
CSM7KOKN,SM-9OS8G
CSM7KOKR,SM-9J5JM
CSM7KOKT,SM-9LSQF
CSM7KOKZ,SM-9T55L
CSM7KOL2,SM-9XIE5
CSM7KOL4,SM-9IT19
CSM7KOLA,SM-9QMOR
CSM7KOLE,SM-9VWCQ
CSM7KOLK,SM-9NBF6
CSM7KOLM,SM-9RD3G
CSM7KOLY,SM-9QXOC
CSM7KOMB,SM-9RD3K
CSM7KOMH,SM-9XIE9
CSM7KOMP,SM-9PPV1
CSM7KOMT,SM-9VE4Y
CSM7KOMX,SM-9NS4T
CSM7KOMZ,SM-9QMON
CSM7KON2,SM-9SIJ5
CSM7KON8,SM-9ZA5V
CSM7KONA,SM-9OS8K
CSM7KONK,SM-A12L2
CSM7KONU,SM-9SNKT
CSM7KOO5,SM-9SVR4
CSM7KOO9,SM-9YTMA
CSM7KOOD,SM-A55Y3
CSM7KOOF,SM-AFSIO
CSM7KOOH,SM-9SD8V
CSM7KOOJ,SM-9UKBF
CSM7KOOL,SM-9WW43
CSM7KOON,SM-9Y7D1
CSM7KOOP,SM-A1C8B
CSM7KOOR,SM-A3J7F
CSM7KOOT,SM-9SIJR
CSM7KOOV,SM-9W3B4
CSM7KOOX,SM-9XIPE
CSM7KOOZ,SM-9ZA5Z
CSM7KOP2,SM-A1ZVR
CSM7KOP6,SM-9SNJG
CSM7KOP8,SM-9W3AD
CSM7KOPE,SM-A2HYY
CSM7KOPG,SM-9U26M
CSM7KOPI,SM-9WOBT
CSM7KOPK,SM-9Y7E6
CSM7KOPM,SM-A14CY
CSM7KOPO,SM-A3748
CSM7KOPS,SM-9UW5S
CSM7KOPU,SM-9WO26
CSM7KOPW,SM-9Y7E2
CSM7KOQ1,SM-A375P
CSM7KOQX,SM-9W3AH
CSM7KOR2,SM-9Y7D9
CSM7KORC,SM-9Y4A8
CSM7KORG,SM-AEYQA
CSM7KORI,SM-ACTOJ
CSM7KORK,SM-A8XLM
CSM7KORM,SM-9Y7EA
CSM7KORO,SM-9WOBX
CSM7KORS,SM-A62C2
CSM7KORU,SM-A3744
CSM7KOS7,SM-9ZEPE
CSM7KOSH,SM-ACTON
CSM7KOSJ,SM-AGUNL
CSM7KOSL,SM-A1ZX9
CSM7KOSP,SM-A77UY
CSM7KOST,SM-ADID9
CSM7KOSV,SM-9ZE8T
CSM7KOSX,SM-A1HUN
CSM7KOTA,SM-A3USG
CSM7KOTC,SM-A5QM3
CSM7KOTK,SM-AFSIK
CSM7KOTO,SM-A5QLY
CSM7KOTQ,SM-A8MIV
CSM7KOTS,SM-AC5QU
CSM7KOTU,SM-AFSIG
CSM7KOU9,SM-A7J1X
CSM7KOUB,SM-A9U2M
CSM7KOUL,SM-A9F75
CSM7KOUN,SM-ADDEO
CSM9X1XU,SM-AAHYM
CSM9X1Y3,SM-ANU6T
CSM9X1Y5,SM-AFCKD
CSM9X1YV,SM-AJDM5
CSM9X1Z4,SM-ALGUR
CSM9X1ZC,SM-AVPGZ
CSM9X1ZO,SM-AIRVP
CSM9X1ZQ,SM-AL5FB
CSM9X1ZY,SM-ASN34
CSM9X211,SM-ASN2Z
CSM9X213,SM-AKTZI
CSM9X215,SM-AMR3T
CSM9X219,SM-AK8LL
CSM9X21J,SM-AVADL
CSM9X21L,SM-AX5PO
CSM9X21N,SM-AYWPV
CSM9X21R,SM-AS641
CSM9X21T,SM-AU2N4
CSM9X222,SM-B2896
CSM9X22G,SM-AVPGV
CSM9X22I,SM-AVWIU
CSM9X22K,SM-AY1XT
CSM9X22S,SM-B2OQR
CSM9X22U,SM-B5F9B
CSM9X233,SM-B4LI1
CSM9X235,SM-BXXSA
CSM9X237,SM-C1WB2
CSM9X23B,SM-CH32P
CSM9X23H,SM-C1RTI
CSM9X23N,SM-CIWPY
CSMA88CB,SM-A8GT2
CSMA8M9R,SM-A8MIZ
CSMA9J65,SM-A9J9N
CSMAAEUA,SM-AAEUD
CSMACTZP,SM-ACW1X
CSMAE44D,SM-AE4OL
CSMAF72L,SM-AF81D
CSMAG78W,SM-AG78Z
CSMAH393,SM-AH396
CSMAHYLR,SM-AHYMF
CSMAIG7X,SM-AIG8M
ESM5GEXY,SM-6ZKS5
ESM5ME9U,SM-7LDIN
ESM5MEB7,SM-6ZUH6
ESM5MEBE,SM-6WJN1
ESM5MEBG,SM-76ENW
ESM5MEBI,SM-7BYCA
ESM5MEBS,SM-6V2DB
ESM5MEBU,SM-6XJTN
ESM5MEC3,SM-74Y75
ESM5MEC5,SM-76LBZ
ESM5MEC9,SM-7F71D
ESM5MECL,SM-7DGV5
ESM5MECQ,SM-791BJ
ESM5MED2,SM-72XH1
ESM5MEDD,SM-72PGN
ESM5MEDF,SM-74Y6V
ESM5MEDK,SM-6ZT3O
ESM5MEDN,SM-6X9WA
ESM5MEDU,SM-7D6YX
ESM718SY,SM-7I9G4
ESM718T7,SM-7PO8Q
ESM718T9,SM-7LSBZ
ESM718TF,SM-7K1V5
ESM718TK,SM-7E7H5
ESM718TM,SM-7F43P
ESM718UH,SM-7AA1S
ESM718V4,SM-7AK5Q
ESM718V8,SM-77M5K
ESM7F5AK,SM-7HNM8
ESM7F5AM,SM-7IKZR
ESM7F5C5,SM-9JG92
ESM7F5C7,SM-9LB6I
ESM7F5CB,SM-9HC7U
ESM7F5CD,SM-9JYAA
ESM7F5CF,SM-9MNBK
ESM9IEP1,SM-9W7VZ
HSM5FZBZ,SM-6T7W5
HSM5MD3Y,SM-6ZT3C
HSM5MD41,SM-73JXD
HSM5MD43_P,SM-6XJUC
HSM5MD43,SM-6XJUC
HSM5MD48,SM-6WJMS
HSM5MD4N,SM-6Y2UP
HSM5MD4O,SM-6XJTF
HSM5MD4Y,SM-6KUCP
HSM5MD53,SM-6TO52
HSM5MD5B_P,SM-6UG74
HSM5MD5B,SM-6UG74
HSM5MD5D_P,SM-6X9W6
HSM5MD5D,SM-6X9W6
HSM5MD5P,SM-6ZEUG
HSM5MD62,SM-6X9W2
HSM5MD66,SM-6XSLE
HSM5MD6A,SM-6ZT2V
HSM5MD6A_TR,SM-6ZT2V
HSM5MD6C,SM-72PH4
HSM5MD6I_P,SM-6ZEUW
HSM5MD6I,SM-6ZEUW
HSM5MD6K_P,SM-6ZUH2
HSM5MD6K,SM-6ZUH2
HSM5MD6M,SM-72PGB
HSM5MD6Q,SM-72XH5
HSM5MD6W,SM-791BB
HSM5MD6Y,SM-6YBJH
HSM5MD71,SM-6ZKXY
HSM5MD73,SM-727GQ
HSM5MD75,SM-74Y7P
HSM5MD79,SM-77FXR
HSM5MD7J,SM-6XSLI
HSM5MD7K,SM-6XSLA
HSM5MD7M,SM-6ZEVD
HSM5MD7O,SM-6ZT3G
HSM5MD7Q,SM-72PGF
HSM5MD7S,SM-75ZGS
HSM5MD7U,SM-787I8
HSM67VCZ,SM-77FXZ
HSM67VD2,SM-7AA1O
HSM67VD4,SM-7C83S
HSM67VD6,SM-7DGV1
HSM67VDP,SM-7GCHG
HSM67VDZ,SM-7AK5E
HSM67VE4,SM-7BP4J
HSM67VEC,SM-7AMID
HSM67VEE,SM-7BP4V
HSM67VEG,SM-7DIFS
HSM67VEI,SM-7FK3K
HSM67VEK,SM-7GYIQ
HSM67VEM,SM-7I1FU
HSM67VEM_TR,SM-7I1FU
HSM67VEO,SM-791AM
HSM67VEQ,SM-7BF19
HSM67VES,SM-7CP34
HSM67VEU,SM-7ED9V
HSM67VEW,SM-7EWSA
HSM67VF3,SM-7ED9R
HSM67VF9,SM-7DN2Y
HSM67VFD,SM-7HXK1
HSM67VFF,SM-7K25P
HSM67VFH,SM-7LLDV
HSM67VFJ,SM-7NSOK
HSM67VFR,SM-7GYIA
HSM67VFZ,SM-7EDAC
HSM67VG8,SM-7L29J
HSM67VGA,SM-7CRWL
HSM67VGC,SM-7F1RK
HSM67VGG,SM-7IWFL
HSM67VGK,SM-7M8RH
HSM67VGK_TR,SM-7M8RH
HSM67VGY,SM-7PO8Y
HSM67VH1,SM-9T55H
HSM67VHB,SM-7EWSU
HSM67VHD,SM-7FY2R
HSM67VHF,SM-7I1GX
HSM67VHH,SM-7KGIT
HSM67VHJ,SM-7LSBJ
HSM67VHQ,SM-7C83W
HSM67VHS,SM-7DGUG
HSM67VHW,SM-7GYI6
HSM67VI1,SM-7K56G
HSM67VI3,SM-7BYBX
HSM67VI5,SM-7DGUW
HSM67VI7,SM-7EWT7
HSM67VI9,SM-7FK3G
HSM67VIB,SM-7I1GL
HSM67VID,SM-7K25D
HSM67VIF,SM-7LDIF
HSM67VIL,SM-9IT15
HSM6XRQ8,SM-7GYHL
HSM6XRQB_P,SM-6ZKY3
HSM6XRQB,SM-6ZKY3
HSM6XRQI,SM-73JXH
HSM6XRQK,SM-76CA9
HSM6XRQM,SM-7AK5U
HSM6XRQO,SM-7C845
HSM6XRQS,SM-73BN2
HSM6XRQU,SM-76ENO
HSM6XRQW,SM-791B7
HSM6XRQY,SM-7BJO1
HSM6XRR3,SM-72PGV
HSM6XRR5,SM-73BNA
HSM6XRR7,SM-76C9W
HSM6XRR9,SM-791AE
HSM6XRRB,SM-7BP4Z
HSM6XRRD,SM-7CP2Z
HSM6XRRJ,SM-7AMI9
HSM6XRRV,SM-7AMIH
HSM6XRS2,SM-7F1RO
HSM6XRS4,SM-76CA1
HSM6XRS6,SM-791AI
HSM6XRS8,SM-7BF15
HSM6XRSE,SM-7F1R8
HSM6XRSG,SM-77M69
HSM6XRSI,SM-7AA25
HSM6XRSN,SM-72XGS
HSM6XRST,SM-7AA1W
HSM6XRSX_P,SM-6ZJXU
HSM6XRSX,SM-6ZJXU
HSM6XRT8,SM-6ZKRX
HSM6XRTM,SM-7CP2V
HSM6XRTO,SM-7LSBF
HSM6XRTQ,SM-7FHYA
HSM6XRTS,SM-7MX7L
HSM6XRUL,SM-7BEZS
HSM6XRUN,SM-7CP2J
HSM6XRUR,SM-7EWSQ
HSM6XRUV,SM-7MX7X
HSM6XRUX,SM-7ED9J
HSM6XRUZ,SM-7EWS2
HSM6XRV2,SM-7GYHH
HSM6XRV4,SM-7IKZJ
HSM6XRV6,SM-7KPU1
HSM6XRV8,SM-7MCUN
HSM6XRVA,SM-7HAHJ
HSM6XRVC,SM-7I1FQ
HSM6XRVC_TR,SM-7I1FQ
HSM6XRVK,SM-7NH6E
HSM6XRVM,SM-7GYII
HSM6XRVO,SM-7IKZF
HSM6XRVU,SM-9JISB
HSM6XRVW,SM-9KOMO
HSM7CYX2,SM-7K1V1
HSM7CYX4,SM-7LDIJ
HSM7CYX6,SM-7NH5D
HSM7CYX8,SM-7R3BD
HSM7CYXA,SM-9IMBZ
HSM7CYXC,SM-9KON1
HSM7CYXE,SM-7L41A
HSM7CYXG,SM-7MCTU
HSM7CYXI,SM-7ORQQ
HSM7CYXO,SM-9MPGN
HSM7CYXQ,SM-7MM9M
HSM7CYXS,SM-7NH5L
HSM7CYY3,SM-7R3AC
HSM7CYY5,SM-9J5J2
HSM7CYY7,SM-9KOPJ
HSM7CYY9,SM-9RYIH
HSM7CYYB,SM-9U262
HSM7CYYD,SM-9QMNH
HSM7CYYF,SM-7M8SE
HSM7CYYH,SM-7ORQI
HSM7CYYP,SM-9OS6J
HSM7CYZ5,SM-7H4GW
HSM7CYZ7,SM-7IKZN
HSM7CYZ9,SM-7KMQZ
HSM7CYZB,SM-7M8RD
HSM7CYZD,SM-7PO93
HSM7CYZF,SM-9HC8X
HSM7CYZJ,SM-7IWEO
HSM7CYZL,SM-7KPU5
HSM7CYZR,SM-9HKWK
HSM7CYZT,SM-7HXJW
HSM7CYZV,SM-7K1US
HSM7CZ14,SM-9IT11
HSM7CZ16,SM-7J5TS
HSM7CZ18,SM-7L29F
HSM7CZ1A,SM-7MCUJ
HSM7CZ1C,SM-7PO8U
HSM7CZ1E,SM-9HKWC
HSM7CZ1G,SM-9JYAM
HSM7CZ1V,SM-7LDJO
HSM7CZ1Z,SM-7R39Z
HSM7CZ22,SM-9J5JA
HSM7CZ24,SM-7KGIX
HSM7CZ26,SM-7LSBR
HSM7CZ28,SM-7MWXB
HSM7CZ2A,SM-7RYAF
HSM7CZ2E,SM-9KOPN
HSM7CZ2H,SM-7ORQY
HSM7CZ2Z,SM-7ORQ2
HSM7CZ32,SM-9HYXZ
HSM7CZ36,SM-9MPGZ
HSM7CZ38,SM-9OS7N
HSM7CZ3A,SM-7R3A8
HSM7CZ3C,SM-9IMBN
HSM7CZ3E,SM-9LB62
HSM7CZ3G,SM-9NBE1
HSM7J4G1,SM-9PJ1E
HSM7J4G8,SM-9WO1L
HSM7J4GD,SM-9QVJP
HSM7J4GP,SM-9QMO7
HSM7J4GR,SM-9SIZM
HSM7J4HA,SM-9NBDC
HSM7J4HC,SM-9NBDO
HSM7J4HE,SM-9P5G1
HSM7J4HG,SM-9U1UK
HSM7J4HI,SM-9WO1X
HSM7J4HK,SM-9Y7CS
HSM7J4HM,SM-9NBEL
HSM7J4HO,SM-9QMQ9
HSM7J4HQ,SM-9SIJF
HSM7J4HS,SM-9VWCE
HSM7J4HU,SM-9XIO3
HSM7J4HW,SM-9NK5G
HSM7J4HY,SM-9QMN5
HSM7J4I3,SM-9P5FG
HSM7J4I5,SM-9VWB1
HSM7J4I7,SM-9XIOJ
HSM7J4I9,SM-9ZXTH
HSM7J4IC,SM-9ZE8H
HSM7J4IO,SM-9WO1H
HSM7J4IP,SM-9XKX2
HSM7J4IQ,SM-9ZK9J
HSM7J4IR,SM-A1ZWG
HSM7J4IS,SM-A4O3C
HSM7J4IU,SM-9Y4AC
HSM7J4IW,SM-A18YK
HSM7J4J7,SM-9WOBD
HSM7J4J9,SM-9Y4AK
HSM7J4JD,SM-A3755
HSM7J4JF,SM-A5QMX
HSM7J4JH,SM-9XIDW
HSM7J4JJ,SM-9ZA1O
HSM7J4JN,SM-A4O3W
HSM7J4JP,SM-A77VP
HSM7J4JZ,SM-9ZA5J
HSM7J4K2,SM-A3751
HSM7J4K4,SM-A4GBA
HSM7J4K6,SM-A77WE
HSM7J4K8,SM-A9F71
HSM7J4KC,SM-A1C87
HSM7J4KG,SM-A5QN6
HSM7J4KI,SM-A8S6X
HSM7J4KK,SM-AAHYE
HSM7J4KM,SM-AEB6Q
HSM7J4KO,SM-9S35S
HSM7J4KQ,SM-A2HYM
HSM7J4L5,SM-9WYEN
HSM7J4L9,SM-A12KH
HSM7J4LD,SM-9RTV8
HSM7J4LF,SM-9U1UC
HSM7J4LH,SM-9WOB5
HSM7J4LN,SM-A373R
HSM7J4LP,SM-9VWC6
HSM7J4M4,SM-9VW8X
HSM7J4M6,SM-9WOB9
HSM7J4M8,SM-9Y7DT
HSM7J4MA,SM-A1ZWO
HSM7J4MC,SM-A4GBE
HSM7J4ME,SM-A5QN2
HSM7J4MK,SM-9XKWX
HSM7J4MS,SM-9SNJ8
HSM7J4MW,SM-9XIOF
HSM7J4MY,SM-9ZK9F
HSM7J4N4,SM-A5A1V
HSM7J4N6,SM-A9J8Y
HSM7J4N8,SM-AC5QQ
HSM7J4NA,SM-ADICO
HSM7J4NC,SM-A14CA
HSM7J4NE,SM-A2BG6
HSM7J4NM,SM-ACTO7
HSM7J4NO,SM-A373N
HSM7J4NS,SM-A8VEY
HSM7J4NU,SM-ADDEW
HSM7J4NY,SM-A6ZJ7
HSM7J4O1,SM-A5A1R
HSM7J4O3,SM-A7J1L
HSM7J4O5,SM-A9VSA
HSM7J4O7,SM-ADID1
HSM7J4O9,SM-AFCK5
HSM7J4OB,SM-A77W6
HSM7J4OE,SM-A9F5B
HSM7J4OL,SM-AJDLS
HSM7J4ON,SM-A6ER4
HSM7J4OP,SM-A8VEU
HSM7J4OT,SM-AFJ1N
HSM7J4OV,SM-AFSHV
HSM7J4OX,SM-AJC42
HSM7J4OZ,SM-A77UI
HSM7J4P2,SM-AAHYI
HSM7J4PA,SM-9QMQD
HSM7J4PC,SM-7ORQM
HSM7J4PE,SM-9JUD6
HSM7J4PG,SM-9KOMG
HSM7J4PI,SM-9NK6F
HSM7J4PK,SM-9QXO8
HSM7J4PM,SM-9U26A
HSM7J4PO,SM-7RYAN
HSM7J4PQ,SM-9JM8U
HSM7J4PS,SM-9KOMS
HSM7J4PU,SM-9NK58
HSM7J4PW,SM-9RD3C
HSM7J4PY,SM-9UKB7
HSM7J4Q1,SM-7R3B9
HSM7J4Q7,SM-9NBEX
HSM7J4Q9,SM-9QXNV
HSM7J4QB,SM-9JYAI
HSM7J4QD,SM-9MPGV
HSM7J4QF,SM-9P5G9
HSM7J4QH,SM-9RYIB
HSM7J4QJ,SM-9UCZF
HSM7J4QL,SM-9WSQJ
HSM7J4QT,SM-9ZJII
HSM7J4QZ,SM-9JUDQ
HSM7J4R2,SM-9R78F
HSM7J4RE,SM-9MND2
HSMA33IA,SM-AJDLO
HSMA33IC,SM-ALGUJ
HSMA33IE,SM-AF6NN
HSMA33IG,SM-AH2QJ
HSMA33IK,SM-AL5F7
HSMA33IO,SM-APCAU
HSMA33IS,SM-AX5PC
HSMA33J3,SM-AL5EQ
HSMA33J5,SM-AN5FR
HSMA33J7,SM-APDXJ
HSMA33J9,SM-ARWVG
HSMA33JB,SM-AKTYX
HSMA33JD,SM-AMR2I
HSMA33JN,SM-AKTZ6
HSMA33JP,SM-AMR2U
HSMA33JR,SM-APR9A
HSMA33JZ,SM-AL5F3
HSMA33KE,SM-AM1IM
HSMA33KM,SM-AVJBU
HSMA33KO,SM-AWQJM
HSMA33KQ,SM-AMR22
HSMA33KS,SM-APDXR
HSMA33KU,SM-ARMCV
HSMA33L1,SM-AVR79
HSMA33LB,SM-ASVME
HSMA33LH,SM-AZAHI
HSMA33LH_TR,SM-AZAHI
HSMA33LJ,SM-B1F59
HSMA33LP,SM-ASVMI
HSMA33LX,SM-B18MQ
HSMA33LZ,SM-B4BXN
HSMA33M2,SM-B5ORL
HSMA33M8,SM-CG7AV
HSMA33MA,SM-ARMBU
HSMA33MC,SM-ASN2V
HSMA33ME,SM-AUIUR
HSMA33MG,SM-AVR75
HSMA33MI,SM-AXQRD
HSMA33MK,SM-AZYB9
HSMA33MS,SM-AWD4U
HSMA33MV,SM-AJC3X
HSMA33MX,SM-A9J9F
HSMA33MZ,SM-ADID5
HSMA33N4,SM-AH2QB
HSMA33NA,SM-AADL5
HSMA33NC,SM-AEB6A
HSMA33NO,SM-AF6MU
HSMA33NQ,SM-AGUN1
HSMA33NW,SM-ADDF5
HSMA33NY,SM-AHF2E
HSMA33O1,SM-AF6M6
HSMA33O3,SM-AGUN9
HSMA33OD,SM-AJ652
HSMA33OJ,SM-ARB69
HSMA33OL,SM-AT23H
HSMA33OP,SM-AF6NF
HSMA33OR,SM-AGULV
HSMA33OT,SM-AIG5G
HSMA33OV,SM-AKTXG
HSMA33OX,SM-AMR2M
HSMA33OZ,SM-APDXF
HSMA33P6,SM-AJ64X
HSMA33PL,SM-AXQR1
HSMA33PN,SM-AZYAW
HSMA33PX,SM-AZ2FM
HSMA33PZ,SM-B2OQN
HSMA33Q6,SM-CE9V4
HSMA33QM,SM-B58F8
HSMA33QO,SM-BYMCC
HSMA33QY,SM-B1JOL
HSMA33R1,SM-B2OQB
HSMA33R5,SM-BYX22
HSMA33R7,SM-CE6ZH
HSMA33R9,SM-CH32H
HSMA33RD,SM-C1MZ7
HSMA33RF,SM-CG9XS
HSMA33RR,SM-BXXRP
HSMA33RT,SM-CJFJJ
HSMA33RX,SM-CSF71
HSMA33RX_TR,SM-CSF71
HSMA33SE,SM-CIWPU
HSMA33SG,SM-CLM5L
HSMA33SI,SM-CNQYX
HSMA33SK,SM-CQEDG
MSM5LLDA,SM-6XTSU
MSM5LLDC,SM-6VHL8
MSM5LLDE,SM-6WWJW
MSM5LLDI,SM-B4A4G
MSM5LLDK,SM-B4A4K
MSM5LLDM,SM-B44U3
MSM5LLDQ,SM-B44TU
MSM5LLDS,SM-69UMY
MSM5LLDU,SM-B44TY
MSM5LLEP,SM-6V479
MSM5LLER,SM-6Y87N
MSM5LLF4,SM-6XJTB
MSM5LLF6,SM-6Z2C2
MSM5LLF8,SM-6ZKXU
MSM5LLGL,SM-6T7W9
MSM5LLHC,SM-6X9VX
MSM6J2HB,SM-6V46W
MSM6J2HD,SM-6WU1E
MSM6J2HF,SM-6XNM3
MSM6J2HH,SM-6YC4U
MSM6J2HJ,SM-6ZP3H
MSM6J2HL,SM-72D7N
MSM6J2HN,SM-6V475
MSM6J2HP,SM-6XSKX
MSM6J2HR,SM-6ZJI1
MSM6J2HT,SM-71ZV9
MSM6J2IE,SM-6V2D7
MSM6J2IG,SM-6XTSQ
MSM6J2II,SM-6ZIES
MSM6J2IK,SM-6ZRNZ
MSM6J2IM,SM-72ZHK
MSM6J2IO,SM-73QZ6
MSM6J2IQ,SM-6WOC1
MSM6J2IY,SM-72PGR
MSM6J2J1,SM-74Y71
MSM6J2J3,SM-6WOC9
MSM6J2J5,SM-6Y2UL
MSM6J2JB,SM-71WWO
MSM6J2JD,SM-734RG
MSM6J2JN,SM-6Y2UT
MSM6J2JP,SM-6ZEV9
MSM6J2JR,SM-72ZHG
MSM6J2JT,SM-74Y8A
MSM6J2JZ,SM-6Y87J
MSM6J2K2,SM-6ZEUK
MSM6J2K4,SM-6ZKS2
MSM6J2K6,SM-6ZT2N
MSM6J2K8,SM-71WWK
MSM6J2KA,SM-72PH8
MSM6J2KC,SM-6XSKT
MSM6J2KE,SM-6ZEV1
MSM6J2KM,SM-74Y7H
MSM6J2LB,SM-7D34K
MSM6J2LH,SM-727GM
MSM6J2LJ,SM-73BNE
MSM6J2LL,SM-76EO1
MSM6J2LN,SM-791AQ
MSM6J2LR,SM-7DN3B
MSM6J2LT,SM-77M65
MSM6J2LV,SM-7CP38
MSM6J2LW,SM-7BF1D
MSM6J2LY,SM-7CM7I
MSM6J2M3,SM-7GCHC
MSM6J2MB,SM-7E5EH
MSM6J2MD,SM-7FHYI
MSM6J2MF,SM-7HNLZ
MSM6J2MH,SM-7IWES
MSM6J2MJ,SM-7KPV6
MSM6J2ML,SM-7MM9E
MSM6J2OH,SM-74Y7D
MSM6J2OP,SM-7H4H1
MSM6J2PK,SM-7ED9F
MSM6J2PM,SM-7GFUX
MSM6J2PO,SM-7EDA4
MSM6J2PS,SM-7GYI2
MSM6J2PU,SM-7K1UO
MSM6J2PW,SM-7M8SQ
MSM6J2Q1,SM-787I4
MSM6J2Q3,SM-76EOD
MSM6J2Q5,SM-7AMIL
MSM6J2Q7,SM-7BJNW
MSM6J2Q9,SM-7DN2U
MSM6J2QB,SM-7F43L
MSM6J2QD,SM-7IKZZ
MSM6J2QF,SM-7GYIY
MSM6J2QH,SM-7B7LF
MSM6J2QJ,SM-7EWSY
MSM6J2QL,SM-78LO4
MSM6J2QP,SM-7CP2F
MSM6J2QR,SM-77FXN
MSM6J2R2,SM-77FYC
MSM6J2R8,SM-7DN33
MSM6J2RC,SM-7KMR4
MSM6J2RK,SM-7AHF2
MSM6J2RM,SM-7BP54
MSM6J2RO,SM-7CRWP
MSM6J2RQ,SM-7DGUK
MSM6J2RS,SM-7FY2N
MSM6J2RU,SM-7EWSE
MSM6J2SE,SM-7ED9N
MSM6J2SI,SM-7I9FV
MSM6J2SK,SM-7K25H
MSM79H54,SM-7K56K
MSM79H58,SM-7NH5H
MSM79H5A,SM-7RFYH
MSM79H5E,SM-7I1GP
MSM79H5G,SM-7K259
MSM79H5K,SM-7MWXJ
MSM79H5M,SM-7R3AW
MSM79H5Q,SM-7M36P
MSM79H5S,SM-9J5IP
MSM79H5U,SM-7NH5P
MSM79H5Y,SM-7RFY9
MSM79H63,SM-7K1UW
MSM79H65,SM-7K56C
MSM79H67,SM-7MM9Q
MSM79H69,SM-7RYAZ
MSM79H6B,SM-9JG8T
MSM79H6D,SM-7LDJS
MSM79H6F,SM-7MCTQ
MSM79H6H,SM-7PO9B
MSM79H6J,SM-7NH6I
MSM79H6L,SM-7RFYD
MSM79H6N,SM-9HYXR
MSM79H6Y,SM-9X47O
MSM79H7C,SM-9VWCA
MSM79H7E,SM-9X47S
MSM79H7G,SM-AAHYA
MSM79H7M,SM-A61QC
MSM79H7O,SM-9WJXH
MSM79H7Q,SM-9Y7CW
MSM79H7W,SM-A47RY
MSM79H7Y,SM-A5A1N
MSM79H81,SM-9WO19
MSM79H83,SM-9Y492
MSM79H85,SM-A14C6
MSM79H87,SM-A373J
MSM79H89,SM-A5QMT
MSM79H8B,SM-A8MJK
MSM79H8D,SM-9ZJIA
MSM79H8F,SM-A2Q9R
MSM79H8H,SM-A4O41
MSM79H8L,SM-A9F5Z
MSM79H8N,SM-ACTO3
MSM79H98,SM-9Y4AG
MSM79H9A,SM-9LB66
MSM79H9C,SM-9NK67
MSM79H9G,SM-9W3AZ
MSM79H9K,SM-9WSQN
MSM79H9M,SM-9MPH4
MSM79H9Q,SM-9RRZH
MSM79H9W,SM-9Y7DX
MSM79H9Y,SM-9KOOQ
MSM79HA1,SM-9MS5D
MSM79HA3,SM-9SNJ4
MSM79HA7,SM-9XG86
MSM79HAH,SM-9WYEF
MSM79HAJ,SM-9PJ16
MSM79HAL,SM-9SNKL
MSM79HAN,SM-9W7W8
MSM79HAR,SM-A375L
MSM79HAT,SM-9ZE8L
MSM79HB6,SM-A312T
MSM79HBB,SM-A375D
MSM79HBL,SM-7NH6M
MSM79HBN,SM-7PQAE
MSM79HBP,SM-9HC8H
MSM79HBR,SM-9KON9
MSM79HBT,SM-9MPH8
MSM79HBZ,SM-9HYXN
MSM79HC4,SM-9JM8Y
MSM79HC8,SM-9OS63
MSM79HCG,SM-9HYXJ
MSM79HCI,SM-9N793
MSM79HCK,SM-9OS88
MSM79HCP,SM-9RRZ5
MSM79HCR,SM-9U25X
MSM79HDA,SM-9NBEP
MSM79HDC,SM-9QMOF
MSM79HDE,SM-9SIJB
MSM79HDG,SM-9VW92
MSM79HDG_TR,SM-9VW92
MSM79HDI,SM-9XG8A
MSM79HDK,SM-9K8FE
MSM79HDM,SM-9MNCH
MSM79HDO,SM-9OS6F
MSM79HDQ,SM-9RTUZ
MSM79HDQ_TR,SM-9RTUZ
MSM79HDS,SM-9U1UO
MSM79HDU,SM-9WOBH
MSM79HES,SM-9IMC4
MSM79HEU,SM-9KOND
MSM79HEW,SM-9MPGR
MSM79HEY,SM-9QMN9
MSM79HF3,SM-7NSOG
MSM79HF5,SM-7RYAB
MSM79HF7,SM-9JG8P
MSM79HF9,SM-9LISF
MSM79HF9_TR,SM-9LISF
MSM79HFB,SM-9NS4L
MSM79HFW,SM-9MW2I
MSM79HFY,SM-9P5G5
MSM7J16J,SM-AEB6E
MSM7J16L,SM-AGAJI
MSM7J16N,SM-AI7R6
MSM7J16P,SM-AK8KW
MSM7J16R,SM-AMR2E
MSM9VZEK,SM-A12KL
MSM9VZEK_TR,SM-A12KL
MSM9VZEM,SM-A373V
MSM9VZEO,SM-A61SH
MSM9VZEQ,SM-A9F5F
MSM9VZES,SM-AADKW
MSM9VZEU,SM-9ZA1G
MSM9VZEW,SM-A1ZVJ
MSM9VZEY,SM-A4GB6
MSM9VZF1,SM-A77UQ
MSM9VZF3,SM-A9F64
MSM9VZF5,SM-ACTNI
MSM9VZF7,SM-A14CI
MSM9VZFF,SM-A9F6W
MSM9VZFH,SM-ADDF9
MSM9VZFL,SM-A1ZV7
MSM9VZFN,SM-A4GBI
MSM9VZFR,SM-A9F53
MSM9VZFT,SM-ACTNA
MSM9VZGO,SM-A4UVT
MSM9VZGS,SM-A9J93
MSM9VZGU,SM-ADICW
MSM9VZGW,SM-ARMCZ
MSM9VZGY,SM-AU2MR
MSM9VZH7,SM-B1JOD
MSM9VZHB,SM-AMR37
MSM9VZHF,SM-ARMDG
MSM9VZHJ,SM-ANJ7X
MSM9VZHL,SM-AR42G
MSM9VZHN,SM-ARHO2
MSM9VZHP,SM-ATVSJ
MSM9VZHR,SM-AV8JF
MSM9VZHT,SM-AWQJ6
MSM9VZHX,SM-AQJXS
MSM9VZHZ,SM-ASJUA
MSM9VZI2,SM-AU2MJ
MSM9VZI6,SM-AYMHV
MSM9VZIM,SM-AN5FZ
MSM9VZIO,SM-APDYK
MSM9VZIQ,SM-ARMBY
MSM9VZIS,SM-AUNQD
MSM9VZIU,SM-AW56Z
MSM9VZIW,SM-AWYLR
MSM9VZIY,SM-ANU6H
MSM9VZJ3,SM-ARMBQ
MSM9VZJB,SM-AOMT9
MSM9VZJZ,SM-AI38G
MSM9VZKC,SM-AIG6H
MSM9VZKE,SM-AKTYH
MSM9VZKI,SM-APDX3
MSM9VZL5,SM-AKTY1
MSM9VZL7,SM-AIG5C
MSM9VZL9,SM-AKTXS
MSM9VZLB,SM-AMVF3
MSM9VZLD,SM-APDX7
MSM9VZLF,SM-ARGGB
MSM9VZLH,SM-ATVSZ
MSM9VZLJ,SM-AF6NB
MSM9VZLL,SM-A5A1Z
MSM9VZLN,SM-A9F5J
MSM9VZLP,SM-A9VSE
MSM9VZLR,SM-AE3R8
MSM9VZLT,SM-AKTZ2
MSM9VZLV,SM-AGUN5
MSM9VZLZ,SM-A5QLU
MSM9VZMA,SM-A8GSL
MSM9VZMA_TR,SM-A8GSL
MSM9VZMC,SM-AE3QR
MSM9VZME,SM-AE3QV
MSM9VZMI,SM-AK8KO
MSM9VZMM,SM-A47RS
MSM9VZMO,SM-A77W2
MSM9VZMS,SM-ACTNM
MSM9VZMU,SM-AF6MI
MSM9VZMW,SM-AGUMG
MSM9VZNH,SM-A8GSX
MSM9VZNH_TR,SM-A8GSX
MSM9VZNL,SM-ADYKC
MSM9VZNR,SM-A9J9B
MSM9VZNX,SM-AFSHZ
MSM9VZNZ,SM-AI384
MSM9VZO2,SM-AL8EU
MSM9VZOG,SM-ACTMX
MSM9VZOI,SM-AE3RC
MSM9VZOK,SM-AFSHN
MSM9VZOM,SM-AHYLU
MSM9VZOO,SM-AJC3J
MSM9VZOQ,SM-ALM8Q
MSM9VZOS,SM-AKTYT
MSM9VZOU,SM-AGUND
MSM9VZOW,SM-AIG6L
MSM9VZOY,SM-AF6MM
MSM9VZP1,SM-AN8MM
MSM9VZP3,SM-APDY4
MSM9VZPH,SM-ACKUX
MSM9VZPL,SM-AG2E3
MSM9VZPN,SM-AHUO9
MSM9VZPT,SM-AF6N7
MSMA267V,SM-APDWQ
MSMA267X,SM-ARNW5
MSMA2684,SM-AWQK3
MSMA2688,SM-AZ2FY
MSMA26AL,SM-ARMC7
MSMA26AN,SM-ATVTC
MSMA26AP,SM-AVAD1
MSMA26AR,SM-AWQJI
MSMA26AT,SM-AYWOQ
MSMA26AV,SM-AYIRL
MSMA26AX,SM-AT23L
MSMA26AZ,SM-AUNQ5
MSMA26AZ_TR,SM-AUNQ5
MSMA26BB,SM-AVADD
MSMA26BD,SM-AWQJY
MSMA26BF,SM-AYWOE
MSMA26BH,SM-B1JOH
MSMA26BJ,SM-B44TI
MSMA26BL,SM-BXXRL
MSMA26BN,SM-AUP8Y
MSMA26BR,SM-AXTSZ
MSMA26BT,SM-B15QZ
MSMA26BV,SM-B2YC1
MSMA26BX,SM-B5F97
MSMA26CV,SM-AVPGN
MSMA26CX,SM-AXTT4
MSMA26DG,SM-ATVSR
MSMA26DI,SM-AVDBC
MSMA26DK,SM-AXQR5
MSMA26DM,SM-APDXV
MSMA26DO,SM-AVR6W
MSMA26EH,SM-ARMBI
MSMA26EJ,SM-ATVT8
MSMA26EL,SM-AVACW
MSMA26EN,SM-AWQJQ
MSMA26EP,SM-AXQR9
MSMA26ER,SM-APDYC
MSMA26ET,SM-AW574
MSMA26EZ,SM-AWJJA
MSMAPC55,SM-B5ZXE
MSMAPC57,SM-BYX1T
MSMAPC59,SM-BZNKA
MSMAPC5B,SM-C1RT2
MSMAPC5D,SM-CKJ6T
MSMAPC5H,SM-BYMCG
MSMAPC5L,SM-C1MYY
MSMAPC5Z,SM-B58FW
MSMAPC64,SM-CHS7I
MSMAPC66,SM-CF3XC
MSMAPC6A,SM-B58FS
MSMAPC6C,SM-BXXS6
MSMAPC6E,SM-BYMCK
MSMAPC6G,SM-C1MZ3
MSMAPC6K,SM-BZWMX
MSMAPC6M,SM-CE9UR
MSMAPC6O,SM-CG9Y1
MSMAPC7J,SM-B5F8Y
MSMAPC7P,SM-B58FC
MSMAPC7R,SM-BYB93
MSMAPC7T,SM-BZ5M6
MSMB4LXS,SM-CM1TI
MSMB4LXW,SM-CJNBH
MSMB4LXY,SM-CHS72
MSMB4LYB,SM-CTLFU
MSMB4LYH,SM-CRP6E
MSMB4LZ4,SM-CMUKL
MSMB4LZ8,SM-CP6EO
MSMB4LZC,SM-CNW2E
MSMB4LZK,SM-CTTKY
MSMB4LZP,SM-CNCRT
MSMB4LZR,SM-COSYB
MSMB4LZV,SM-CJIL5
MSMB4LZX,SM-CMUKP
MSMB4LZZ,SM-CI9TM
PSM6XBQS,SM-76CA5
PSM6XBQU,SM-791AU
PSM6XBQY,SM-7CRWX
PSM6XBQY_TR,SM-7CRWX
PSM6XBR1,SM-7ED9Z
PSM6XBRK,SM-791B3
PSM6XBRK_TR,SM-791B3
PSM6XBS4,SM-7CP2R
PSM6XBS8,SM-7EWS6
PSM6XBSA,SM-7HAHB
PSM6XBSE_P,SM-7E5ED
PSM6XBSE,SM-7E5ED
PSM6XBSI,SM-7DN37
PSM6XBSK,SM-7J5U1
PSM6XBSM,SM-7GYIU
PSM6XBSO,SM-7EWSM
PSM6XBSS,SM-7J5TO
PSM6XBSU,SM-7KPVA
PSM6XBSU_TR,SM-7KPVA
PSM6XBT1,SM-9HC7Y
PSM6XBT3,SM-7H4GS
PSM6XBT5,SM-7IWF1
PSM6XBT7,SM-7KMRO
PSM6XBT9,SM-7M8RT
PSM6XBTB,SM-7ORR7
PSM6XBTL,SM-9HC8P
PSM6XBTP,SM-9MNBG
PSM6XBTP_TR,SM-9MNBG
PSM6XBTR,SM-7LLDN
PSM6XBTT,SM-7MWX7
PSM6XBTX,SM-9JG8X
PSM6XBU2,SM-9NK54
PSM6XBUG,SM-7R3AG
PSM6XBUI,SM-9IMBR
PSM6XBUK,SM-9NBDW
PSM6XBUM,SM-9LSQ3
PSM6XBUO,SM-9SIZI
PSM6XBUQ,SM-9QMQ1
PSM6XBV2,SM-7KMRC
PSM6XBV4,SM-7M8RX
PSM6XBVI,SM-7EWRX
PSM6XBVK,SM-7H4H5
PSM6XBVM,SM-7J5TW
PSM6XBVO,SM-7KMRK
PSM6XBVQ,SM-7MCUR
PSM6XBVS,SM-7ORQU
PSM6XBW3,SM-7LDJW
PSM7J127,SM-A18YO
PSM7J129,SM-A3J77
PSM7J12B,SM-A7J1T
PSM7J12D,SM-A9U2I
PSM7J12F,SM-AADL1
PSM7J12J,SM-9ZA1W
PSM7J12R,SM-A9J97
PSM7J12V,SM-A18Z1
PSM7J12Z,SM-A9F57
PSM7J136,SM-A2HYU
PSM7J13E,SM-ACTNU
PSM7J13I,SM-A18YW
PSM7J13K,SM-A3759
PSM7J13M,SM-AADLD
PSM7J13Q,SM-A8MIJ
PSM7J141,SM-ACTNY
PSM7J14L,SM-A9F6G
PSM7J14N,SM-ACTMH
PSM7J14P,SM-AFCK1
PSM7J14R,SM-AGUM8
PSM7J14T,SM-AIG54
PSM7J14X,SM-A8MJS
PSM7J154,SM-AF6NJ
PSM7J156,SM-AHUNW
PSM7J158,SM-A7J1H
PSM7J15A,SM-A9F5V
PSM7J15G,SM-AH2QN
PSM7J15I,SM-AIRVD
PSM7J15K,SM-A7J19
PSM7J15M,SM-A9F5R
PSM7J15O,SM-ACTMP
PSM7J15Q,SM-AF6MA
PSM7J15S,SM-AGULZ
PSM7J15U,SM-AIG5S
PSM7J15W,SM-A9F6C
PSM7J161,SM-AFCK9
PSM7J163,SM-AGUMW
PSM7J169,SM-AE3QZ
PSM7J16B,SM-AJDM1
PSM7J16F,SM-AG2E7
PSM7J16H,SM-AM1II
PSM7J16U,SM-9VWCI
PSM7J16W,SM-A1ZX5
PSM7J16Y,SM-ACTOF
PSM7J171,SM-AETRA
PSM7J173,SM-AHUO5
PSM7J177,SM-9OS67
PSM7J179,SM-9RRZ1
PSM7J17B,SM-9U26I
PSM7J17D,SM-9WOB1
PSM7J17F,SM-9Y49Z
PSM7J17L,SM-9VWAW
PSM7J17T,SM-A4O3S
PSM7J17V,SM-9SNKD
PSM7J17X,SM-9VW8T
PSM7J17Z,SM-9XG7T
PSM7J182,SM-9ZA5R
PSM7J184,SM-A1ZWK
PSM7J186,SM-A4O3K
PSM7J18E,SM-9VWB9
PSM7J18G,SM-9XG82
PSM7J18I,SM-9ZA1S
PSM7J18K,SM-A2J32
PSM7J18M,SM-A4O3G
PSM7J18Q,SM-A77WA
PSM7J193,SM-9YHLB
PSM7J199,SM-7MX82
PSM7J19B,SM-7RFYJ
PSM7J19F,SM-9KOP3
PSM7J19H,SM-9NBET
PSM7J19J,SM-9QMND
PSM7J19N,SM-7T2LM
PSM7J19P,SM-9HYXV
PSM7J19R,SM-9JUDY
PSM7J19T,SM-9M8HL
PSM7J19Z,SM-7RFYN
PSM7J1A2,SM-9J5IT
PSM7J1A4,SM-9LB6A
PSM7J1A6,SM-9NBDS
PSM7J1A8,SM-9QMOB
PSM7J1AM,SM-9JYAQ
PSM7J1AO,SM-9RRYW
PSM7J1AQ,SM-9UCZ3
PSM7J1AS,SM-9MNCT
PSM7J1AU,SM-9OS7Z
PSM7J1AW,SM-9WO1D
PSM7J1B7,SM-9IMBB
PSM7J1B9,SM-9LB5X
PSM7J1BB,SM-9NK5Y
PSM7J1BD,SM-9SIIS
PSM7J1BF,SM-9SIIW
PSM7J1BH,SM-9WSQR
PSM7J1BJ,SM-9JUCL
PSM7J1BL,SM-9MNCP
PSM7J1BP,SM-9RTV4
PSM7J1BR,SM-9U1US
PSM7J1BV,SM-9JUDU
PSM7J1BX,SM-9MNB8
PSM7J1C4,SM-9UKAQ
PSM7J1C8,SM-9JUE7
PSM7J1CC,SM-9P5FO
PSM7J1CG,SM-9UCZB
PSM7J1CI,SM-9XIP6
PSM7J1CU,SM-A1ZUY
PSM7J1DF,SM-9UKAY
PSM7J1DL,SM-9ZEP6
PSM7J4EF,SM-AJ88K
PSMA263M,SM-ADICS
PSMA263S,SM-AK8KK
PSMA263U,SM-AMVF7
PSMA263W,SM-APR9M
PSMA264K,SM-AQJXO
PSMA264O,SM-AGUMS
PSMA264Q,SM-AIG6P
PSMA264S,SM-AKTYP
PSMA264U,SM-AMR2Q
PSMA264W,SM-APDYG
PSMA2653,SM-AIG61
PSMA2659,SM-AR42C
PSMA265B,SM-ARMD8
PSMA265D,SM-AKTXK
PSMA265F,SM-AMR1P
PSMA265H,SM-ASN2R
PSMA265J,SM-ARGG7
PSMA265J_TR,SM-ARGG7
PSMA265L,SM-APDXZ
PSMA265N,SM-AKTYL
PSMA265T,SM-ARMCB
PSMA265X,SM-AK8KS
PSMA2668,SM-APR9E
PSMA266C,SM-AU2MF
PSMA266I,SM-AMR3J
PSMA266M,SM-ARMCN
PSMA266O,SM-ATVT4
PSMA266Q,SM-AVADT
PSMA266U,SM-AMR1L
PSMA266Y,SM-ARMC3
PSMA2671,SM-ATVSN
PSMA2675,SM-AWQK7
PSMA267D,SM-AYWPB
PSMA267F,SM-B1JO9
PSMA267H,SM-B3Z99
PSMA267J,SM-ATLL1
PSMA267P,SM-B1JO5
PSMA267R,SM-B3Z95
PSMA269G,SM-AYWP3
PSMA269O,SM-BZNL1
PSMA269S,SM-AYWOU
PSMA269W,SM-B4LHS
PSMA26A1,SM-C16A5
PSMA26A3,SM-CEFO7
PSMB4MBI,SM-CIWPM
PSMB4MBK,SM-CHS76
PSMB4MBS,SM-CL4HJ
PSMB4MC1,SM-CNCRP
PSMB4MC3,SM-COOSI
PSMB4MC5,SM-CRT7P
PSMB4MC7,SM-CL4HN
