Sample,RT,mz,RTobs,dRT,mzobs,dppm,intensity,area,compound
PRISM|8226,432.6,369.3519,432.668838,0.068837999999971,369.3521728515625,0.738730631951411,7150537.0,12788665.65879712,cholesterol
PRISM|8226,420.0,385.3465,420.631668,0.631667999999991,385.3470764160156,1.44304142782872,315293.9,529059.2487367085,cholestenone
PRISM|8226,450.0,371.3583,450.0,0.0,371.3583,0.0,0.0,0.0,coprostanol
PRISM|7904,432.6,369.3519,432.670386,0.070385999999985,369.35211181640625,0.628564407855597,14172830.0,26918454.05839507,cholesterol
PRISM|7904,420.0,385.3465,419.56329,-0.436710000000005,385.34716796875,1.707025297874954,160125200.0,301658728.3876325,cholestenone
PRISM|7904,450.0,371.3583,449.789952,-0.210047999999972,371.3586730957031,0.703358230312839,2149399.0,4091754.012861029,coprostanol
PRISM|8794,432.6,369.3519,432.936558,0.336557999999968,369.35223388671875,0.959063079989137,8115817.0,14907280.00889858,cholesterol
PRISM|8794,420.0,385.3465,419.294292,-0.705708000000016,385.3471374511719,1.680626910958838,1213046.0,1964436.089723997,cholestenone
PRISM|8794,450.0,371.3583,450.0,0.0,371.3583,0.0,0.0,0.0,coprostanol
PRISM|8788,432.6,369.3519,433.47195,0.87194999999997,369.3521728515625,0.766272188013839,1258075.0,1838017.088599139,cholesterol
PRISM|8788,420.0,385.3465,419.829834,-0.170165999999995,385.3468933105469,1.205455944698602,211331300.0,424962576.5915295,cholestenone
PRISM|8788,450.0,371.3583,449.78898,-0.211020000000019,371.35845947265625,0.566394467159494,3099554.0,5771886.203045629,coprostanol
PRISM|8809,432.6,369.3519,433.471734,0.871734000000004,369.3522033691406,0.848896856047224,1676910.0,2284764.641770664,cholesterol
PRISM|8809,420.0,385.3465,420.899538,0.899538000000007,385.3470153808594,1.680626910958838,251588.3,411646.6155455589,cholestenone
PRISM|8809,450.0,371.3583,450.0,0.0,371.3583,0.0,0.0,0.0,coprostanol
PRISM|7762,432.6,369.3519,432.93717,0.337169999999958,369.3520812988281,0.545939739822212,8030090.0,14720385.34699332,cholesterol
PRISM|7762,420.0,385.3465,420.097458,0.097458000000017,385.3470153808594,1.284651105741975,1783271.0,3665397.369048172,cholestenone
PRISM|7762,450.0,371.3583,450.0,0.0,371.3583,0.0,0.0,0.0,coprostanol
PRISM|8844,432.6,369.3519,432.13407,-0.465930000000014,369.3521728515625,0.628564407855597,19276730.0,29754596.19826092,cholesterol
PRISM|8844,420.0,385.3465,419.026974,-0.973026000000004,385.346923828125,1.284651105741975,3753103.0,5527648.209217428,cholestenone
PRISM|8844,450.0,371.3583,449.788668,-0.211332000000027,371.35858154296875,0.758143735482336,12861.71,0.0,coprostanol
PRISM|7486,432.6,369.3519,432.134358,-0.465642000000003,369.3523864746094,1.179395528180764,74360540.0,136780555.6368104,cholesterol
PRISM|7486,420.0,385.3465,419.294658,-0.705341999999973,385.3470153808594,1.390244653701463,5266349.0,8618940.984951034,cholestenone
PRISM|7486,450.0,371.3583,450.0,0.0,371.3583,0.0,0.0,0.0,coprostanol
PRISM|8765,432.6,369.3519,432.134358,-0.465642000000003,369.35223388671875,0.931521524080609,648249.4,1208361.810782433,cholesterol
PRISM|8765,420.0,385.3465,419.294652,-0.705348000000015,385.3470458984375,1.44304142782872,34916760.0,55299928.58953166,cholestenone
PRISM|8765,450.0,371.3583,448.718898,-1.281101999999976,371.35845947265625,0.182895930666879,1441486.0,1673056.127001743,coprostanol
PRISM|8683,432.6,369.3519,432.66966,0.069659999999999,369.3522033691406,0.876438411955752,12906070.0,22664274.4118801,cholesterol
PRISM|8683,420.0,385.3465,419.829948,-0.170051999999998,385.3471984863281,1.627830136831582,2477034.0,4603485.87453601,cholestenone
PRISM|8683,450.0,371.3583,450.0,0.0,371.3583,0.0,0.0,0.0,coprostanol
PRISM|7879,432.6,369.3519,432.402594,-0.197406000000001,369.3522033691406,1.014146192113994,644347.8,1331250.152950026,cholesterol
PRISM|7879,420.0,385.3465,419.295366,-0.704633999999999,385.3470764160156,1.469439814744836,77989860.0,119255208.3349661,cholestenone
PRISM|7879,450.0,371.3583,448.987128,-1.012872000000016,371.35845947265625,0.456823456820501,2578671.0,3682326.832462496,coprostanol
PRISM|8982,432.6,369.3519,432.402384,-0.197616000000039,369.3525390625,1.427269532280919,305127.3,617332.1462818151,cholesterol
PRISM|8982,420.0,385.3465,419.027778,-0.972221999999988,385.34722900390625,1.839017233045584,7209350.0,10608401.39477546,cholestenone
PRISM|8982,450.0,371.3583,449.521962,-0.478038000000026,371.3587951660156,1.415569798128573,1512985.0,2378083.775173962,coprostanol
PRISM|8096,432.6,369.3519,432.671892,0.071891999999991,369.3523254394531,1.014146192113994,22654720.0,42296479.12125881,cholesterol
PRISM|8096,420.0,385.3465,420.099696,0.099695999999994,385.34716796875,1.707025297874954,835821.9,1794574.889862347,cholestenone
PRISM|8096,450.0,371.3583,450.0,0.0,371.3583,0.0,0.0,0.0,coprostanol
PRISM|8692,432.6,369.3519,431.866734,-0.733266000000015,369.3522644042969,0.848896856047224,886588.3,1438871.520216739,cholesterol
PRISM|8692,420.0,385.3465,419.027154,-0.972846000000004,385.3471374511719,1.786220458918327,84100850.0,120798119.1951355,cholestenone
PRISM|8692,450.0,371.3583,449.521332,-0.478668000000027,371.3587341308594,1.114249519466737,2136980.0,3583021.577344105,coprostanol
PRISM|7938,432.6,369.3519,432.402444,-0.19755600000002,369.35235595703125,1.179395528180764,11386490.0,18575735.87828829,cholesterol
PRISM|7938,420.0,385.3465,419.027832,-0.972168000000011,385.3470764160156,1.416643040765092,1441351.0,2065727.845179,cholestenone
PRISM|7938,450.0,371.3583,450.0,0.0,371.3583,0.0,0.0,0.0,coprostanol
PRISM|8898,432.6,369.3519,432.66876,0.068759999999997,369.3521423339844,0.738730631951411,27764410.0,56795969.21671144,cholesterol
PRISM|8898,420.0,385.3465,419.561538,-0.438462000000015,385.3470764160156,1.44304142782872,6394176.0,11889984.65935939,cholestenone
PRISM|8898,450.0,371.3583,450.0,0.0,371.3583,0.0,0.0,0.0,coprostanol
PRISM|8444,432.6,369.3519,432.67185,0.071849999999984,369.352294921875,1.096770860147379,969586.1,1866160.281370866,cholesterol
PRISM|8444,420.0,385.3465,419.564628,-0.435371999999973,385.3472595214844,1.891814007025328,54994950.0,90564091.28547102,cholestenone
PRISM|8444,450.0,371.3583,449.256384,-0.743615999999975,371.358642578125,0.785536488143619,3720132.0,5438573.728794827,coprostanol
PRISM|7847,432.6,369.3519,432.676176,0.076175999999975,369.3522644042969,1.069229304084951,9412950.0,17821859.29972877,cholesterol
PRISM|7847,420.0,385.3465,419.30157,-0.698429999999974,385.3470458984375,1.363846266785348,11023780.0,17388258.8694915,cholestenone
PRISM|7847,450.0,371.3583,450.0,0.0,371.3583,0.0,0.0,0.0,coprostanol
PRISM|7861,432.6,369.3519,431.866938,-0.733062000000018,369.3522644042969,1.096770860147379,51547920.0,80482429.10440843,cholesterol
PRISM|7861,420.0,385.3465,419.027232,-0.972767999999974,385.34716796875,1.733423684938583,88437800.0,126190164.3062601,cholestenone
PRISM|7861,450.0,371.3583,448.718988,-1.281011999999976,371.3581237792969,-0.940206926302753,350089.1,432273.0604747343,coprostanol
PRISM|8789,432.6,369.3519,433.47207,0.872069999999951,369.3521728515625,0.821355299984796,729050.3,1078875.968538849,cholesterol
PRISM|8789,420.0,385.3465,419.829954,-0.170046000000013,385.3470458984375,1.337447879721719,61289010.0,118344437.0721607,cholestenone
PRISM|8789,450.0,371.3583,449.52171,-0.478290000000015,371.3586120605469,0.977285756313392,2683058.0,4589621.219629096,coprostanol
PRISM|8892,432.6,369.3519,432.670884,0.070883999999978,369.35211181640625,0.738730631951411,14374460.0,29169580.26001804,cholesterol
PRISM|8892,420.0,385.3465,419.563662,-0.436337999999978,385.3471374511719,1.601431749915466,1164102.0,2152449.832480145,cholestenone
PRISM|8892,450.0,371.3583,450.0,0.0,371.3583,0.0,0.0,0.0,coprostanol
PRISM|8485,432.6,369.3519,432.138516,-0.461484000000041,369.3522033691406,0.821355299984796,95118890.0,175335441.1824955,cholesterol
PRISM|8485,420.0,385.3465,419.833836,-0.166163999999981,385.3468322753906,1.020667235548229,18670820.0,37668094.41440057,cholestenone
PRISM|8485,450.0,371.3583,450.0,0.0,371.3583,0.0,0.0,0.0,coprostanol
PRISM|8805,432.6,369.3519,432.134718,-0.465282000000002,369.3522644042969,0.848896856047224,9395515.0,15643806.99444262,cholesterol
PRISM|8805,420.0,385.3465,419.295012,-0.704988000000014,385.34698486328125,1.363846266785348,1025098.0,1591252.308170256,cholestenone
PRISM|8805,450.0,371.3583,450.0,0.0,371.3583,0.0,0.0,0.0,coprostanol
PRISM|8573,432.6,369.3519,432.134238,-0.465762000000041,369.3518371582031,-0.05997449232001,25086060.0,41218527.50500437,cholesterol
PRISM|8573,420.0,385.3465,419.294652,-0.705348000000015,385.3467102050781,0.783081752418111,40120570.0,60746614.32689866,cholestenone
PRISM|8573,450.0,371.3583,449.253804,-0.746195999999998,371.358154296875,-0.186906229571629,29744.71,35470.08276640332,coprostanol
PRISM|8754,432.6,369.3519,433.471266,0.871265999999991,369.3523254394531,0.821355299984796,663469.7,1087297.263875723,cholesterol
PRISM|8754,420.0,385.3465,419.829138,-0.170862,385.34686279296875,1.073464009527973,34758340.0,71674812.00206982,cholestenone
PRISM|8754,450.0,371.3583,449.520894,-0.479106000000002,371.3584289550781,0.073324920174816,1529069.0,2729251.961847165,coprostanol
PRISM|7843,432.6,369.3519,432.402192,-0.197808000000009,369.35211181640625,0.518398183913684,5018971.0,8845394.642832724,cholesterol
PRISM|7843,420.0,385.3465,419.027574,-0.972425999999985,385.3467712402344,0.651089817394994,2281153.0,3184359.955107337,cholestenone
PRISM|7843,450.0,371.3583,450.0,0.0,371.3583,0.0,0.0,0.0,coprostanol
PRISM|8523,432.6,369.3519,432.40143,-0.198570000000018,369.3519592285156,0.10527484374676,9649501.0,17947866.95431956,cholesterol
PRISM|8523,420.0,385.3465,419.56173,-0.438269999999989,385.3467102050781,0.571894656351621,15497750.0,26985924.88689628,cholestenone
PRISM|8523,450.0,371.3583,449.520996,-0.479003999999975,371.3583984375,-0.00885333765596314,131110.2,164276.2339940851,coprostanol
PRISM|8878,432.6,369.3519,432.152046,-0.447954000000038,369.3519287109375,0.077733287684331,61617380.0,108911351.406106,cholesterol
PRISM|8878,420.0,385.3465,419.31234,-0.687659999999994,385.3467102050781,0.545496269287993,10751800.0,19687863.86758345,cholestenone
PRISM|8878,450.0,371.3583,450.0,0.0,371.3583,0.0,0.0,0.0,coprostanol
PRISM|9030,432.6,369.3519,432.401646,-0.198353999999995,369.3518371582031,-0.252765384449209,13637180.0,25412690.95535794,cholesterol
PRISM|9030,420.0,385.3465,419.561934,-0.438065999999992,385.3465576171875,0.149520464071129,1700335.0,3270495.748604589,cholestenone
PRISM|9030,450.0,371.3583,450.0,0.0,371.3583,0.0,0.0,0.0,coprostanol
PRISM|8589,432.6,369.3519,432.669654,0.069653999999957,369.3517150878906,-0.693430280678562,6830726.0,13074513.55253568,cholesterol
PRISM|8589,420.0,385.3465,419.294916,-0.705083999999999,385.34649658203125,-0.06166663199536,88032300.0,148115979.3931885,cholestenone
PRISM|8589,450.0,371.3583,449.521704,-0.478296,371.3581237792969,-0.419744626809861,1574131.0,2556430.828930317,coprostanol
PRISM|8847,432.6,369.3519,432.138066,-0.461934000000042,369.3517150878906,-0.638347168553705,49143960.0,88350454.14835943,cholesterol
PRISM|8847,420.0,385.3465,419.565876,-0.434123999999997,385.346435546875,-0.06166663199536,42939010.0,78502270.80281976,cholestenone
PRISM|8847,450.0,371.3583,450.0,0.0,371.3583,0.0,0.0,0.0,coprostanol
PRISM|7408,432.6,369.3519,432.668892,0.068892000000005,369.3515625,-0.968845840687245,822332.8,1611842.551229046,cholesterol
PRISM|7408,420.0,385.3465,419.8293,-0.170700000000011,385.3465576171875,0.043926915964128,28151320.0,56088905.00360515,cholestenone
PRISM|7408,450.0,371.3583,449.521068,-0.478931999999986,371.3578186035156,-1.186741699795091,352939.2,606061.3924362233,coprostanol
PRISM|8336,432.6,369.3519,432.940266,0.340265999999986,369.35162353515625,-0.831138060682903,4592331.0,8591902.867254868,cholesterol
PRISM|8336,420.0,385.3465,419.833164,-0.166835999999989,385.3464050292969,-0.06166663199536,1500228.0,2984019.737401476,cholestenone
PRISM|8336,450.0,371.3583,450.0,0.0,371.3583,0.0,0.0,0.0,coprostanol
PRISM|8849,432.6,369.3519,432.6738,0.073800000000006,369.3515930175781,-0.831138060682903,8162105.0,14700175.46358434,cholesterol
PRISM|8849,420.0,385.3465,419.83422,-0.165779999999984,385.34649658203125,-0.140861793038733,558630.6,1083376.606315732,cholestenone
PRISM|8849,450.0,371.3583,450.0,0.0,371.3583,0.0,0.0,0.0,coprostanol
PRISM|7547,432.6,369.3519,432.669396,0.069395999999983,369.35162353515625,-0.72097183658709,33176150.0,70094582.14374532,cholesterol
PRISM|7547,420.0,385.3465,419.294784,-0.705216000000007,385.3465576171875,-0.035268245079244,22205510.0,36287758.72683317,cholestenone
PRISM|7547,450.0,371.3583,449.254056,-0.745944000000009,371.3580017089844,-0.173209853317522,82452.18,115716.9721856968,coprostanol
PRISM|8565,432.6,369.3519,433.204026,0.604025999999976,369.3516540527344,-0.638347168553705,12104880.0,21867970.45498944,cholesterol
PRISM|8565,420.0,385.3465,419.829414,-0.170586000000014,385.346435546875,-0.19365856716599,1082318.0,2163704.335423517,cholestenone
PRISM|8565,450.0,371.3583,450.0,0.0,371.3583,0.0,0.0,0.0,coprostanol
PRISM|7662,432.6,369.3519,433.203714,0.603713999999968,369.35150146484375,-1.05147050872063,1019567.0,1910537.879417251,cholesterol
PRISM|7662,420.0,385.3465,419.561466,-0.438534000000004,385.3464050292969,-0.140861793038733,77629760.0,141116738.6507538,cholestenone
PRISM|7662,450.0,371.3583,449.253222,-0.746778000000006,371.35791015625,-1.049777936794815,3380336.0,5058151.46938758,coprostanol
PRISM|7941,432.6,369.3519,432.937692,0.337692000000004,369.3515930175781,-0.748513392649519,24209370.0,49157355.26840761,cholesterol
PRISM|7941,420.0,385.3465,419.563098,-0.436901999999975,385.346435546875,-0.035268245079244,11357830.0,20838941.88014977,cholestenone
PRISM|7941,450.0,371.3583,448.987338,-1.012661999999978,371.3592834472656,2.648243665590267,17338.26,21434.30954077681,coprostanol
PRISM|8511,432.6,369.3519,432.6732,0.073199999999986,369.3515930175781,-0.693430280678562,55659990.0,116507286.2067606,cholesterol
PRISM|8511,420.0,385.3465,419.030952,-0.969047999999987,385.34649658203125,-0.088065019058989,59343630.0,90585671.3000652,cholestenone
PRISM|8511,450.0,371.3583,449.525262,-0.474738000000002,371.3573303222656,-1.679811246779769,108244.5,152831.8582463204,coprostanol
PRISM|8776,432.6,369.3519,433.204626,0.604625999999996,369.3517150878906,-0.362931608545022,503786.0,913097.3939177665,cholesterol
PRISM|8776,420.0,385.3465,419.294982,-0.705017999999996,385.3465270996094,0.175918851134758,49780140.0,77214804.23187593,cholestenone
PRISM|8776,450.0,371.3583,449.521638,-0.478362000000004,371.3582458496094,-0.255388111148302,254298.2,416450.3146563263,coprostanol
PRISM|7852,432.6,369.3519,433.20426,0.604259999999954,369.3516845703125,-0.528180944611792,3766675.0,6547573.911600834,cholesterol
PRISM|7852,420.0,385.3465,419.829522,-0.170478000000003,385.3465270996094,-0.088065019058989,37977350.0,72894665.3038497,cholestenone
PRISM|7852,450.0,371.3583,449.788788,-0.211211999999989,371.3578796386719,-1.241527205117657,483508.6,825714.7773997952,coprostanol
PRISM|8785,432.6,369.3519,432.679032,0.079031999999984,369.35174560546875,-0.39047316445355,15964730.0,32099524.27199696,cholesterol
PRISM|8785,420.0,385.3465,419.57181,-0.428189999999972,385.3465270996094,0.149520464071129,127373900.0,255953922.5662091,cholestenone
PRISM|8785,450.0,371.3583,449.263572,-0.736427999999989,371.35809326171875,-0.255388111148302,533329.1,881152.663828499,coprostanol
PRISM|7862,432.6,369.3519,432.670296,0.070295999999985,369.3517761230469,-0.362931608545022,24193040.0,48334173.86306114,cholesterol
PRISM|7862,420.0,385.3465,419.563074,-0.436926000000028,385.3464660644531,-0.088065019058989,23367820.0,42314923.66892351,cholestenone
PRISM|7862,450.0,371.3583,448.719804,-1.280195999999989,371.3591613769531,0.922500251143895,39708.22,26310.52694704391,coprostanol
PRISM|7908,432.6,369.3519,432.133608,-0.466392000000042,369.35174560546875,-0.307848496420165,21723760.0,37658502.04641866,cholesterol
PRISM|7908,420.0,385.3465,419.29389,-0.706110000000024,385.34649658203125,-0.06166663199536,30006880.0,49230484.0375451,cholestenone
PRISM|7908,450.0,371.3583,449.253174,-0.746825999999999,371.3582763671875,0.648572724990274,85265.97,111448.2022073446,coprostanol
PRISM|8605,432.6,369.3519,432.670326,0.070325999999966,369.3517761230469,-0.39047316445355,10654400.0,20610383.28232212,cholesterol
PRISM|8605,420.0,385.3465,419.563116,-0.436884000000021,385.34674072265625,0.703886591374738,386937.9,650548.5230378414,cholestenone
PRISM|8605,450.0,371.3583,450.0,0.0,371.3583,0.0,0.0,0.0,coprostanol
PRISM|8406,432.6,369.3519,432.673944,0.073943999999983,369.351806640625,-0.197682272478252,30652380.0,57026181.6414181,cholesterol
PRISM|8406,420.0,385.3465,419.566716,-0.433284000000015,385.34661865234375,0.25511401217813,5240891.0,9411730.75405708,cholestenone
PRISM|8406,450.0,371.3583,450.0,0.0,371.3583,0.0,0.0,0.0,coprostanol
PRISM|7759,432.6,369.3519,432.401406,-0.198594000000014,369.3516540527344,-0.72097183658709,13628940.0,23741083.54749203,cholesterol
PRISM|7759,420.0,385.3465,419.56182,-0.438179999999988,385.3465270996094,0.175918851134758,1428789.0,2621926.112624621,cholestenone
PRISM|7759,450.0,371.3583,450.0,0.0,371.3583,0.0,0.0,0.0,coprostanol
PRISM|8264,432.6,369.3519,433.20975,0.609749999999963,369.3517761230469,-0.280306940511637,1269712.0,2190908.855094758,cholesterol
PRISM|8264,420.0,385.3465,420.10266,0.102660000000014,385.34698486328125,0.941472074504856,232473.8,495642.1074169454,cholestenone
PRISM|8264,450.0,371.3583,450.0,0.0,371.3583,0.0,0.0,0.0,coprostanol
PRISM|8932,432.6,369.3519,432.937056,0.337055999999961,369.351806640625,-0.307848496420165,1388948.0,2553980.693420975,cholesterol
PRISM|8932,420.0,385.3465,419.829834,-0.170165999999995,385.3465881347656,0.123122077007501,9619443.0,19203711.26576833,cholestenone
PRISM|8932,450.0,371.3583,450.591516,0.591516000000013,371.3579406738281,-0.58410114247142,154408.3,219992.7472106613,coprostanol
PRISM|8774,432.6,369.3519,432.669048,0.069047999999952,369.3518981933594,-0.05997449232001,35637180.0,74840375.8344843,cholesterol
PRISM|8774,420.0,385.3465,419.829342,-0.170658000000003,385.3467102050781,0.624691430331365,337569100.0,677488027.1003497,cholestenone
PRISM|8774,450.0,371.3583,449.788614,-0.211386000000005,371.3584899902344,0.566394467159494,1142625.0,1999569.246015549,coprostanol
PRISM|9033,432.6,369.3519,433.214352,0.614351999999997,369.351806640625,-0.115057604444867,589518.0,995957.6318956986,cholesterol
PRISM|9033,420.0,385.3465,419.572218,-0.427781999999979,385.3466491699219,0.387105947201247,26459960.0,54274744.2469802,cholestenone
PRISM|9033,450.0,371.3583,449.79888,-0.201120000000003,371.3581237792969,-0.474530131979358,1874300.0,3282979.160066594,coprostanol
PRISM|7911,432.6,369.3519,433.20702,0.607019999999977,369.3521423339844,0.601022851947069,52763390.0,97511170.41062865,cholesterol
PRISM|7911,420.0,385.3465,419.832276,-0.167724000000021,385.34674072265625,0.67748820431111,14886610.0,28227401.65360747,cholestenone
PRISM|7911,450.0,371.3583,450.326586,0.32658600000002,371.3582458496094,-0.186906229571629,16838.16,4068.6619469589923,coprostanol
PRISM|8592,432.6,369.3519,432.669162,0.069161999999949,369.3519287109375,0.050191731621903,58258540.0,121082655.8912823,cholesterol
PRISM|8592,420.0,385.3465,419.56206,-0.437940000000026,385.3467712402344,0.67748820431111,26323880.0,47161860.2840339,cholestenone
PRISM|8592,450.0,371.3583,448.9863,-1.013699999999972,371.3583984375,0.347252446328438,41207.69,37156.61173943839,coprostanol
PRISM|8361,432.6,369.3519,432.947706,0.34770599999996,369.3519287109375,0.10527484374676,46749090.0,89224638.81166847,cholesterol
PRISM|8361,420.0,385.3465,420.375636,0.375635999999986,385.3467712402344,0.67748820431111,7206148.0,14263734.44345273,cholestenone
PRISM|8361,450.0,371.3583,450.067266,0.067266000000018,371.35882568359375,1.415569798128573,18790.4,21840.06866203166,coprostanol
PRISM|8275,432.6,369.3519,432.673704,0.073703999999964,369.35198974609375,0.242982623751101,22398550.0,45124204.57610686,cholesterol
PRISM|8275,420.0,385.3465,419.566608,-0.433392000000026,385.34674072265625,0.809480139481739,20767430.0,39233958.59018721,cholestenone
PRISM|8275,450.0,371.3583,449.525754,-0.474245999999994,371.3583679199219,-0.337566368979082,60911.53,102561.5622631515,coprostanol
PRISM|8475,432.6,369.3519,432.669876,0.069875999999965,369.35186767578125,-0.05997449232001,68733000.0,145472080.5252963,cholesterol
PRISM|8475,420.0,385.3465,420.097686,0.09768600000001,385.3467102050781,0.598293043267737,7271997.0,16019110.56008119,cholestenone
PRISM|8475,450.0,371.3583,450.0,0.0,371.3583,0.0,0.0,0.0,coprostanol
PRISM|8795,432.6,369.3519,433.207956,0.607956000000002,369.3518371582031,-0.22522382838678,20159330.0,34017841.20083728,cholesterol
PRISM|8795,420.0,385.3465,420.10086,0.100860000000012,385.34686279296875,0.888675300525112,7123159.0,16102779.33646492,cholestenone
PRISM|8795,450.0,371.3583,450.0,0.0,371.3583,0.0,0.0,0.0,coprostanol
PRISM|8800,432.6,369.3519,433.47321,0.873209999999972,369.3521423339844,0.518398183913684,26606210.0,41151650.26638627,cholesterol
PRISM|8800,420.0,385.3465,420.098604,0.098604000000023,385.346923828125,1.205455944698602,2816509.0,5916945.133597054,cholestenone
PRISM|8800,450.0,371.3583,450.0,0.0,371.3583,0.0,0.0,0.0,coprostanol
PRISM|8496,432.6,369.3519,433.207998,0.607997999999952,369.3520202636719,0.298065735722058,23768650.0,42065797.60040626,cholesterol
PRISM|8496,420.0,385.3465,420.100908,0.100908000000004,385.3466796875,0.598293043267737,7400924.0,15649615.5194519,cholestenone
PRISM|8496,450.0,371.3583,449.525154,-0.474846000000014,371.3583068847656,0.456823456820501,20171.83,29309.73153812668,coprostanol
PRISM|8882,432.6,369.3519,432.936834,0.336833999999953,369.3519287109375,0.132816399655288,8437705.0,14649745.09776745,cholesterol
PRISM|8882,420.0,385.3465,419.829612,-0.170388000000003,385.3466491699219,0.67748820431111,376340.9,634586.969706612,cholestenone
PRISM|8882,450.0,371.3583,450.0,0.0,371.3583,0.0,0.0,0.0,coprostanol
PRISM|9074,432.6,369.3519,433.73964,1.139639999999986,369.3517150878906,-0.252765384449209,682879.5,901574.7080879057,cholesterol
PRISM|9074,420.0,385.3465,419.830002,-0.169998000000021,385.3465881347656,0.387105947201247,6404349.0,12844583.80768657,cholestenone
PRISM|9074,450.0,371.3583,450.59169,0.591690000000028,371.35784912109375,-0.6662794003022,105854.8,165114.2541667822,coprostanol
PRISM|8106,432.6,369.3519,432.669834,0.069833999999958,369.3519592285156,0.242982623751101,46328780.0,94976157.20772012,cholesterol
PRISM|8106,420.0,385.3465,419.830248,-0.169752000000017,385.3467712402344,0.651089817394994,2956739.0,5993290.061103015,cholestenone
PRISM|8106,450.0,371.3583,450.0,0.0,371.3583,0.0,0.0,0.0,coprostanol
PRISM|8807,432.6,369.3519,433.471824,0.871824000000004,369.3520202636719,0.353148847846915,16695760.0,23783767.73213562,cholesterol
PRISM|8807,420.0,385.3465,420.364728,0.364728000000014,385.346923828125,1.047065622611857,1670227.0,3337629.048092674,cholestenone
PRISM|8807,450.0,371.3583,450.0,0.0,371.3583,0.0,0.0,0.0,coprostanol
PRISM|7238,432.6,369.3519,432.669612,0.06961199999995,369.35205078125,0.353148847846915,34239960.0,73821242.36618398,cholesterol
PRISM|7238,420.0,385.3465,419.829906,-0.170094000000006,385.3467102050781,0.783081752418111,2894710.0,5611667.790490468,cholestenone
PRISM|7238,450.0,371.3583,450.0,0.0,371.3583,0.0,0.0,0.0,coprostanol
PRISM|8458,432.6,369.3519,432.402006,-0.197994000000051,369.35211181640625,0.353148847846915,13497050.0,27041881.08629677,cholesterol
PRISM|8458,420.0,385.3465,419.29491,-0.705089999999984,385.3468017578125,0.835878526397855,38924460.0,65221333.18645723,cholestenone
PRISM|8458,450.0,371.3583,448.986666,-1.013333999999986,371.3584899902344,0.62117997248206,582246.3,691676.7215954934,coprostanol
PRISM|8477,432.6,369.3519,432.941184,0.341183999999998,369.35211181640625,0.435773515880299,13175260.0,24690307.32724717,cholesterol
PRISM|8477,420.0,385.3465,419.566578,-0.433422000000007,385.34698486328125,1.205455944698602,5651056.0,10761648.74045857,cholestenone
PRISM|8477,450.0,371.3583,450.0,0.0,371.3583,0.0,0.0,0.0,coprostanol
PRISM|8503,432.6,369.3519,432.402,-0.198000000000036,369.3521423339844,0.656105963918026,5648584.0,10107857.32740592,cholesterol
PRISM|8503,420.0,385.3465,419.562294,-0.437705999999992,385.3467712402344,0.783081752418111,969085700.0,1784491933.873543,cholestenone
PRISM|8503,450.0,371.3583,449.254056,-0.745944000000009,371.3584289550781,0.456823456820501,6657924.0,10168121.18575409,coprostanol
PRISM|9018,432.6,369.3519,434.04273,1.442729999999983,369.3511962890625,-2.153132749217063,331114.6,124186.7396885016,cholesterol
PRISM|9018,420.0,385.3465,421.47054,1.470540000000028,385.3459167480469,-1.619171465946697,323791.3,265423.7419554927,cholestenone
PRISM|9018,450.0,371.3583,450.0,0.0,371.3583,0.0,0.0,0.0,coprostanol
PRISM|9010,432.6,369.3519,434.009844,1.409843999999964,369.3512268066406,-1.740009409050138,330935.5,203134.2533644076,cholesterol
PRISM|9010,420.0,385.3465,421.43766,1.437659999999994,385.345947265625,-1.487179530776068,15834790.0,12562176.36002405,cholestenone
PRISM|9010,450.0,371.3583,451.396938,1.396937999999977,371.35736083984375,-2.638557588240911,602139.0,489984.1648866467,coprostanol
PRISM|8629,432.6,369.3519,433.84089,1.240889999999979,369.3512268066406,-1.905258745116908,22232040.0,13145828.59523229,cholesterol
PRISM|8629,420.0,385.3465,421.2687,1.268700000000024,385.34588623046875,-1.407984369732696,1917382.0,1447052.184063422,cholestenone
PRISM|8629,450.0,371.3583,450.0,0.0,371.3583,0.0,0.0,0.0,coprostanol
PRISM|8778,432.6,369.3519,432.938256,0.338256000000001,369.35205078125,0.325607291784486,803014.6,1637319.408076686,cholesterol
PRISM|8778,420.0,385.3465,419.563518,-0.436482000000012,385.34710693359375,1.469439814744836,65076990.0,117091334.0655434,cholestenone
PRISM|8778,450.0,371.3583,448.720248,-1.279751999999974,371.3584289550781,0.374645198989721,6515924.0,7431228.776512287,coprostanol
PRISM|8728,432.6,369.3519,432.66909,0.06908999999996,369.3521728515625,0.656105963918026,1285803.0,2562925.383462364,cholesterol
PRISM|8728,420.0,385.3465,419.561874,-0.438126000000011,385.346923828125,1.099862396591601,156161200.0,280475716.1564149,cholestenone
PRISM|8728,450.0,371.3583,449.253636,-0.746364000000028,371.3585205078125,0.703358230312839,2849056.0,4585599.435023953,coprostanol
PRISM|9079,432.6,369.3519,432.403164,-0.196836000000019,369.3520812988281,0.408231959817871,752262.1,1475509.070163555,cholesterol
PRISM|9079,420.0,385.3465,419.028552,-0.971448000000009,385.346923828125,1.205455944698602,14581980.0,20520392.38954872,cholestenone
PRISM|9079,450.0,371.3583,449.52273,-0.477269999999976,371.3580017089844,-0.282780863656516,225672.4,337781.3589322985,coprostanol
PRISM|8332,432.6,369.3519,432.134922,-0.465078000000005,369.3521423339844,0.821355299984796,9062731.0,15215332.13743642,cholesterol
PRISM|8332,420.0,385.3465,419.295216,-0.704784000000018,385.3468933105469,0.9942688484846,175594300.0,286664694.1233877,cholestenone
PRISM|8332,450.0,371.3583,448.719462,-1.280537999999979,371.3585205078125,0.648572724990274,3202215.0,3629361.016509682,coprostanol
PRISM|7860,432.6,369.3519,432.669018,0.069017999999971,369.35211181640625,0.628564407855597,26115480.0,49755426.20733443,cholesterol
PRISM|7860,420.0,385.3465,419.561922,-0.438078000000019,385.3469543457031,1.099862396591601,18652300.0,32801522.33519723,cholestenone
PRISM|7860,450.0,371.3583,449.788584,-0.211415999999986,371.3586120605469,0.402037951497935,26916.28,32326.96457710258,coprostanol
PRISM|8377,432.6,369.3519,432.134802,-0.465198000000044,369.3523254394531,0.848896856047224,53293630.0,90335326.1322595,cholesterol
PRISM|8377,420.0,385.3465,418.76007,-1.239930000000015,385.34698486328125,1.337447879721719,40132700.0,49866122.07388802,cholestenone
PRISM|8377,450.0,371.3583,449.254368,-0.745632000000001,371.35870361328125,0.155503178005596,415558.2,566101.033138205,coprostanol
PRISM|8749,432.6,369.3519,432.669018,0.069017999999971,369.35205078125,0.380690403755443,6178051.0,11897291.74478184,cholesterol
PRISM|8749,420.0,385.3465,419.026758,-0.973242000000028,385.3467712402344,0.730284978438366,1262490.0,1786645.858317727,cholestenone
PRISM|8749,450.0,371.3583,450.0,0.0,371.3583,0.0,0.0,0.0,coprostanol
PRISM|8464,432.6,369.3519,432.670278,0.070277999999973,369.35211181640625,0.628564407855597,13021250.0,25782772.30459483,cholesterol
PRISM|8464,420.0,385.3465,419.563182,-0.436818000000017,385.3470764160156,1.44304142782872,1746080.0,3046907.841506055,cholestenone
PRISM|8464,450.0,371.3583,450.0,0.0,371.3583,0.0,0.0,0.0,coprostanol
PRISM|8803,432.6,369.3519,432.937164,0.337163999999973,369.35211181640625,0.656105963918026,16567070.0,32708386.76620235,cholesterol
PRISM|8803,420.0,385.3465,419.562546,-0.437454000000002,385.3470458984375,1.363846266785348,23055830.0,41432887.46221793,cholestenone
PRISM|8803,450.0,371.3583,450.05673,0.056730000000016,371.3580322265625,-0.269084487402409,20420.74,33481.68830125835,coprostanol
PRISM|7910,432.6,369.3519,432.134376,-0.465624000000048,369.35211181640625,0.711189075888982,2829412.0,4665394.427416826,cholesterol
PRISM|7910,420.0,385.3465,419.294796,-0.705203999999981,385.34710693359375,1.575033362851837,34295800.0,53385198.84060085,cholestenone
PRISM|7910,450.0,371.3583,449.253942,-0.746058000000005,371.358642578125,0.648572724990274,721567.6,946114.6657772183,coprostanol
PRISM|8441,432.6,369.3519,432.66978,0.06977999999998,369.35223388671875,0.959063079989137,1602989.0,3248057.951346556,cholesterol
PRISM|8441,420.0,385.3465,419.562558,-0.437441999999976,385.34722900390625,1.944610781005072,91355530.0,171959103.5889612,cholestenone
PRISM|8441,450.0,371.3583,448.719288,-1.280711999999994,371.3584289550781,0.347252446328438,4745691.0,5930171.582797395,coprostanol
PRISM|8802,432.6,369.3519,432.406812,-0.193188000000021,369.3521728515625,0.766272188013839,1000557.0,1836975.181597491,cholesterol
PRISM|8802,420.0,385.3465,419.0322,-0.967800000000011,385.3471374511719,1.548634975788209,119721400.0,164975190.3250561,cholestenone
PRISM|8802,450.0,371.3583,448.723962,-1.276038000000028,371.3587951660156,1.114249519466737,2737535.0,2964162.353889869,coprostanol
PRISM|8564,432.6,369.3519,432.401922,-0.19807800000001,369.35211181640625,0.573481295884641,23891750.0,39987745.96767928,cholesterol
PRISM|8564,420.0,385.3465,419.562348,-0.437652000000014,385.3470153808594,1.363846266785348,3437593.0,6077528.962915171,cholestenone
PRISM|8564,450.0,371.3583,450.0,0.0,371.3583,0.0,0.0,0.0,coprostanol
PRISM|8667,432.6,369.3519,433.204134,0.604133999999988,369.35235595703125,1.399727976218491,2375640.0,4192598.259040833,cholesterol
PRISM|8667,420.0,385.3465,419.829408,-0.170591999999999,385.3470764160156,1.548634975788209,1068045.0,2152547.678952371,cholestenone
PRISM|8667,450.0,371.3583,450.0,0.0,371.3583,0.0,0.0,0.0,coprostanol
PRISM|7870,432.6,369.3519,432.141402,-0.458597999999995,369.3521728515625,0.793813743922367,73294930.0,125276148.2035296,cholesterol
PRISM|7870,420.0,385.3465,419.301696,-0.698304000000007,385.34710693359375,1.522236588872093,111165100.0,177834074.9755327,cholestenone
PRISM|7870,450.0,371.3583,448.993452,-1.006548000000009,371.3583068847656,0.210288683328162,831802.3,1000647.722161877,coprostanol
PRISM|8283,432.6,369.3519,432.669372,0.069371999999987,369.3523254394531,1.014146192113994,61091370.0,132072443.0180995,cholesterol
PRISM|8283,420.0,385.3465,419.56215,-0.437850000000026,385.3470458984375,1.416643040765092,255341500.0,488855275.2206377,cholestenone
PRISM|8283,450.0,371.3583,449.521428,-0.478571999999986,371.3587646484375,1.004678508974675,1085641.0,1886240.401268849,coprostanol
PRISM|8696,432.6,369.3519,432.143652,-0.456348000000048,369.3522033691406,0.793813743922367,18596770.0,33896826.85458294,cholesterol
PRISM|8696,420.0,385.3465,419.571456,-0.428543999999988,385.34716796875,1.812618845981955,2548591.0,5186175.494383952,cholestenone
PRISM|8696,450.0,371.3583,450.0,0.0,371.3583,0.0,0.0,0.0,coprostanol
PRISM|7153,432.6,369.3519,432.941586,0.34158599999995,369.35223388671875,0.986604636051566,950985.0,1942362.091454079,cholesterol
PRISM|7153,420.0,385.3465,419.834496,-0.165503999999999,385.3470764160156,1.44304142782872,15930810.0,32247685.4924941,cholestenone
PRISM|7153,450.0,371.3583,449.793642,-0.206358000000023,371.3582763671875,-0.14581710065624,1445698.0,2636667.508011207,coprostanol
PRISM|7445,432.6,369.3519,432.936864,0.336863999999991,369.35223388671875,1.096770860147379,12120020.0,22993569.08339664,cholesterol
PRISM|7445,420.0,385.3465,419.294742,-0.705258000000015,385.34722900390625,1.865415619961699,2809949.0,4650242.450969345,cholestenone
PRISM|7445,450.0,371.3583,450.0,0.0,371.3583,0.0,0.0,0.0,coprostanol
PRISM|8758,432.6,369.3519,433.739208,1.139207999999996,369.3523254394531,1.179395528180764,5188923.0,5845066.151301061,cholesterol
PRISM|8758,420.0,385.3465,421.434534,1.434533999999985,385.34710693359375,1.469439814744836,614739.6,756383.8811767558,cholestenone
PRISM|8758,450.0,371.3583,450.0,0.0,371.3583,0.0,0.0,0.0,coprostanol
PRISM|7899,432.6,369.3519,432.674472,0.074471999999957,369.3523254394531,1.262020196214149,24412080.0,48889239.2048679,cholesterol
PRISM|7899,420.0,385.3465,419.56725,-0.432749999999999,385.3471374511719,1.548634975788209,63418580.0,117959412.5851203,cholestenone
PRISM|7899,450.0,371.3583,449.526528,-0.473472000000015,371.3582458496094,-0.501922884640641,415722.8,715487.300096723,coprostanol
PRISM|7406,432.6,369.3519,433.203696,0.603695999999957,369.3522033691406,0.793813743922367,1425533.0,2462999.520608984,cholesterol
PRISM|7406,420.0,385.3465,419.829078,-0.170922000000019,385.34747314453125,2.287789812242191,209794.5,416623.7958617846,cholestenone
PRISM|7406,450.0,371.3583,450.0,0.0,371.3583,0.0,0.0,0.0,coprostanol
PRISM|8764,432.6,369.3519,433.204584,0.604583999999989,369.3522644042969,0.959063079989137,542589.6,1082980.270911651,cholesterol
PRISM|8764,420.0,385.3465,419.829978,-0.170022000000017,385.3470153808594,1.522236588872093,17762830.0,35747303.05457649,cholestenone
PRISM|8764,450.0,371.3583,450.32415,0.324149999999975,371.3582763671875,-0.06363884282546,1199265.0,2175720.8258771,coprostanol
PRISM|8095,432.6,369.3519,432.936408,0.336407999999949,369.35223388671875,0.903979968018181,8708196.0,15891132.63968401,cholesterol
PRISM|8095,420.0,385.3465,419.829312,-0.170687999999984,385.34710693359375,1.627830136831582,1730853.0,3474377.992543726,cholestenone
PRISM|8095,450.0,371.3583,450.0,0.0,371.3583,0.0,0.0,0.0,coprostanol
PRISM|8998,432.6,369.3519,433.204572,0.604571999999962,369.35235595703125,1.206937084089292,913730.5,1661232.278955966,cholesterol
PRISM|8998,420.0,385.3465,419.562444,-0.437555999999972,385.34735107421875,2.076602716175702,185106.0,268091.2134090245,cholestenone
PRISM|8998,450.0,371.3583,450.0,0.0,371.3583,0.0,0.0,0.0,coprostanol
PRISM|7744,432.6,369.3519,432.401322,-0.198678000000029,369.3522644042969,0.959063079989137,736979.0,1241356.114440656,cholesterol
PRISM|7744,420.0,385.3465,419.561616,-0.438383999999985,385.3469543457031,1.205455944698602,29097870.0,55773276.41863289,cholestenone
PRISM|7744,450.0,371.3583,449.253372,-0.746627999999987,371.35845947265625,0.566394467159494,2392988.0,3744288.492696362,coprostanol
PRISM|9011,432.6,369.3519,432.401982,-0.198018000000047,369.352294921875,1.041687748022522,7818288.0,13742128.52445909,cholesterol
PRISM|9011,420.0,385.3465,419.02737,-0.972629999999981,385.34747314453125,2.393383360349192,117848.6,130518.9094603446,cholestenone
PRISM|9011,450.0,371.3583,450.0,0.0,371.3583,0.0,0.0,0.0,coprostanol
PRISM|7150,432.6,369.3519,432.66912,0.069119999999998,369.3522644042969,0.959063079989137,6208907.0,10909857.57758173,cholesterol
PRISM|7150,420.0,385.3465,419.294502,-0.705497999999977,385.3470764160156,1.44304142782872,148169400.0,233357120.8822066,cholestenone
PRISM|7150,450.0,371.3583,448.718742,-1.28125799999998,371.3584289550781,0.785536488143619,3751699.0,4415216.857989673,coprostanol
PRISM|8784,432.6,369.3519,432.936444,0.336443999999972,369.3523254394531,1.206937084089292,41174500.0,78263465.4695702,cholesterol
PRISM|8784,420.0,385.3465,419.829348,-0.170652000000018,385.3469543457031,1.231854331614718,159372100.0,317443734.6074167,cholestenone
PRISM|8784,450.0,371.3583,449.52111,-0.478889999999979,371.3585205078125,0.566394467159494,1745489.0,3010504.15799661,coprostanol
PRISM|7955,432.6,369.3519,433.739184,1.139184,369.3524169921875,1.344644864247534,1452984.0,1801984.58818818,cholesterol
PRISM|7955,420.0,385.3465,420.631968,0.631967999999972,385.3472900390625,2.155797877219074,97264890.0,183821767.4578797,cholestenone
PRISM|7955,450.0,371.3583,450.858636,0.85863599999999,371.3586120605469,0.675965477651557,2293762.0,3650793.248956141,coprostanol
PRISM|7906,432.6,369.3519,433.472826,0.872825999999975,369.3524475097656,1.454811088189447,9539182.0,15009695.63535297,cholesterol
PRISM|7906,420.0,385.3465,420.098214,0.098213999999984,385.3473205566406,2.129399490155446,137526000.0,291160329.9839038,cholestenone
PRISM|7906,450.0,371.3583,449.789976,-0.210023999999976,371.3590087890625,1.826461087282471,2114435.0,3781481.337905656,coprostanol
PRISM|8101,432.6,369.3519,433.20507,0.605069999999955,369.3525695800781,1.757768204414459,650662.2,1234531.700921243,cholesterol
PRISM|8101,420.0,385.3465,420.365364,0.365364,385.3472900390625,2.208594651198818,21631600.0,43090212.62403888,cholestenone
PRISM|8101,450.0,371.3583,450.057126,0.057125999999982,371.359130859375,1.963424850282748,799790.4,1437763.242381194,coprostanol
PRISM|8452,432.6,369.3519,432.669912,0.069911999999988,369.3526611328125,1.978100652452185,11159270.0,21986060.33077388,cholesterol
PRISM|8452,420.0,385.3465,419.56269,-0.437310000000025,385.3475036621094,2.63096884347931,736867.5,1365120.402749056,cholestenone
PRISM|8452,450.0,371.3583,450.0,0.0,371.3583,0.0,0.0,0.0,coprostanol
PRISM|7897,432.6,369.3519,433.204722,0.604721999999981,369.3525695800781,1.950559096389757,31224800.0,57951513.47401832,cholesterol
PRISM|7897,420.0,385.3465,419.83011,-0.169890000000009,385.34747314453125,2.498976908308681,5692712.0,11377280.52082346,cholestenone
PRISM|7897,450.0,371.3583,450.0,0.0,371.3583,0.0,0.0,0.0,coprostanol
PRISM|7506,432.6,369.3519,433.204626,0.604625999999996,369.3526916503906,2.115808432456527,6882237.0,10510127.60826717,cholesterol
PRISM|7506,420.0,385.3465,420.364914,0.364913999999999,385.3475646972656,2.815757552482171,74348030.0,149302458.4787884,cholestenone
PRISM|7506,450.0,371.3583,450.056676,0.056675999999982,371.35894775390625,2.100388613436093,862700.2,1564362.579642937,coprostanol
PRISM|7948,432.6,369.3519,432.673476,0.073475999999971,369.3526916503906,2.033183764423142,73690230.0,149349895.9820089,cholesterol
PRISM|7948,420.0,385.3465,420.368796,0.368795999999975,385.3475646972656,2.736562391438798,27273520.0,54134937.52938651,cholestenone
PRISM|7948,450.0,371.3583,450.0,0.0,371.3583,0.0,0.0,0.0,coprostanol
PRISM|8534,432.6,369.3519,433.20477,0.604769999999974,369.3525695800781,1.867934428356372,13285240.0,20413112.88528278,cholesterol
PRISM|8534,420.0,385.3465,420.365064,0.365064000000018,385.3474426269531,2.340586586221935,820623.2,1587378.508810673,cholestenone
PRISM|8534,450.0,371.3583,450.0,0.0,371.3583,0.0,0.0,0.0,coprostanol
PRISM|8815,432.6,369.3519,432.9378,0.337799999999959,369.3526306152344,1.978100652452185,39237150.0,71687963.1788029,cholesterol
PRISM|8815,420.0,385.3465,420.365604,0.365604000000019,385.3476257324219,2.921351100589172,1482070.0,2987818.275816748,cholestenone
PRISM|8815,450.0,371.3583,450.0,0.0,371.3583,0.0,0.0,0.0,coprostanol
PRISM|8462,432.6,369.3519,431.866968,-0.733032000000037,369.3527526855469,2.336140880648153,92486480.0,148930762.0292641,cholesterol
PRISM|8462,420.0,385.3465,419.294772,-0.705227999999977,385.3475341796875,2.868554326609428,11058550.0,17631906.2864217,cholestenone
PRISM|8462,450.0,371.3583,451.393926,1.393926000000022,371.3592529296875,2.566065407759487,15952.62,0.0,coprostanol
PRISM|7658,432.6,369.3519,432.936666,0.33666599999998,369.352783203125,2.39122399261911,21618720.0,39118070.9468969,cholesterol
PRISM|7658,420.0,385.3465,419.82957,-0.17043000000001,385.34765625,3.000546261632545,3772915.0,7256232.00343543,cholestenone
PRISM|7658,450.0,371.3583,448.986288,-1.013711999999998,371.3590087890625,1.908639345113251,9709.382813,0.0,coprostanol
PRISM|7122,432.6,369.3519,432.670626,0.070626000000004,369.35284423828125,2.528931772623452,79648460.0,168326366.3601125,cholesterol
PRISM|7122,420.0,385.3465,420.098436,0.098435999999992,385.3476867675781,3.106139809739546,74687290.0,168154270.6546197,cholestenone
PRISM|7122,450.0,371.3583,450.057588,0.05758800000001,371.359375,1.38817704546729,290074.4,565015.3212795478,coprostanol
PRISM|8746,432.6,369.3519,433.203792,0.603791999999999,369.35272216796875,2.418765548681539,15647570.0,28384283.92145348,cholesterol
PRISM|8746,420.0,385.3465,420.364074,0.364074000000016,385.3476867675781,3.079741422675918,460907.6,937285.2017870621,cholestenone
PRISM|8746,450.0,371.3583,450.0,0.0,371.3583,0.0,0.0,0.0,coprostanol
PRISM|8515,432.6,369.3519,432.134664,-0.465336000000036,369.3527526855469,2.336140880648153,30117010.0,51938757.22684428,cholesterol
PRISM|8515,420.0,385.3465,419.829984,-0.170015999999976,385.3477783203125,3.106139809739546,58896900.0,118620287.4690719,cholestenone
PRISM|8515,450.0,371.3583,448.986714,-1.013285999999994,371.3592529296875,2.511279902589991,565385.9,790520.9655732105,coprostanol
PRISM|7858,432.6,369.3519,432.93663,0.336629999999957,369.3528137207031,2.446307104590066,4250133.0,7227195.957347999,cholesterol
PRISM|7858,420.0,385.3465,420.09705,0.097050000000024,385.3477478027344,3.132538196655662,47520830.0,101694528.6596047,cholestenone
PRISM|7858,450.0,371.3583,450.056202,0.056201999999985,371.358642578125,2.237352376436369,440712.4,911363.4444074637,coprostanol
PRISM|7874,432.6,369.3519,432.937656,0.337655999999981,369.352783203125,2.281057768523297,34332380.0,66331271.16109137,cholesterol
PRISM|7874,420.0,385.3465,419.83056,-0.169440000000009,385.3476257324219,2.921351100589172,165445400.0,341155638.1570096,cholestenone
PRISM|7874,450.0,371.3583,449.789712,-0.210287999999991,371.359375,2.839992933913109,849662.6,1576289.116702049,coprostanol
PRISM|8624,432.6,369.3519,433.47231,0.87230999999997,369.352783203125,2.39122399261911,43775930.0,67166399.00351964,cholesterol
PRISM|8624,420.0,385.3465,420.097698,0.09769799999998,385.34771728515625,3.238131744762663,70935250.0,148190005.8783973,cholestenone
PRISM|8624,450.0,371.3583,450.859398,0.859397999999999,371.3592224121094,2.182566871266872,160591.8,236085.4669315075,coprostanol
PRISM|8447,432.6,369.3519,433.204062,0.604061999999999,369.3528747558594,2.584014884748309,1420836.0,2408770.967164884,cholesterol
PRISM|8447,420.0,385.3465,420.364362,0.364362000000028,385.34759521484375,2.921351100589172,344224900.0,700986749.3648179,cholestenone
PRISM|8447,450.0,371.3583,449.788602,-0.211397999999974,371.3594665527344,3.004349449574668,5036802.0,9990898.12968517,coprostanol
PRISM|8467,432.6,369.3519,432.670968,0.070967999999993,369.3529968261719,2.942055112790377,35418180.0,75233815.93124385,cholesterol
PRISM|8467,420.0,385.3465,419.831268,-0.168731999999977,385.3477783203125,3.37012367978578,6116758.0,12081522.69221698,cholestenone
PRISM|8467,450.0,371.3583,450.0,0.0,371.3583,0.0,0.0,0.0,coprostanol
PRISM|7373,432.6,369.3519,433.74357,1.143569999999954,369.35296630859375,2.88697200081942,4032118.0,4825413.258645352,cholesterol
PRISM|7373,420.0,385.3465,420.368826,0.368826000000013,385.3478698730469,3.528514001872525,1307263.0,2545898.134041956,cholestenone
PRISM|7373,450.0,371.3583,450.0,0.0,371.3583,0.0,0.0,0.0,coprostanol
PRISM|8841,432.6,369.3519,432.937704,0.337703999999974,369.3531188964844,3.245012229015388,4951453.0,9202067.781568946,cholesterol
PRISM|8841,420.0,385.3465,419.83062,-0.16937999999999,385.34796142578125,3.950888194153016,543430.2,1024877.11233487,cholestenone
PRISM|8841,450.0,371.3583,450.0,0.0,371.3583,0.0,0.0,0.0,coprostanol
PRISM|7776,432.6,369.3519,432.672384,0.072384,369.35302734375,3.079762892948618,35366800.0,72725900.99978422,cholesterol
PRISM|7776,420.0,385.3465,419.832678,-0.167322000000013,385.347900390625,3.634107549979526,72860160.0,142387414.6665733,cholestenone
PRISM|7776,450.0,371.3583,449.791956,-0.208043999999973,371.35931396484375,2.566065407759487,111081.7,189136.4388996457,coprostanol
PRISM|7855,432.6,369.3519,432.93774,0.337739999999997,369.35308837890625,3.245012229015388,16758990.0,31398637.5077413,cholesterol
PRISM|7855,420.0,385.3465,419.562996,-0.437004000000002,385.3478698730469,3.634107549979526,43680550.0,84220899.0994192,cholestenone
PRISM|7855,450.0,371.3583,450.0573,0.057299999999998,371.3594665527344,3.086527707405448,1326232.0,2531376.464582139,coprostanol
PRISM|8894,432.6,369.3519,433.205406,0.60540599999996,369.3529052734375,2.804347332786035,351435.8,542752.1685221774,cholesterol
PRISM|8894,420.0,385.3465,419.83068,-0.169320000000027,385.3480224609375,3.898091420173272,7453967.0,15519173.56393046,cholestenone
PRISM|8894,450.0,371.3583,449.789946,-0.210054000000014,371.359130859375,2.648243665590267,2032725.0,3809350.68002236,coprostanol
PRISM|7971,432.6,369.3519,432.669426,0.069425999999964,369.3531494140625,3.38272000901973,5188091.0,9539877.558899285,cholesterol
PRISM|7971,420.0,385.3465,419.829714,-0.170285999999976,385.3479919433594,3.898091420173272,12654660.0,25659130.41557837,cholestenone
PRISM|7971,450.0,371.3583,450.0,0.0,371.3583,0.0,0.0,0.0,coprostanol
PRISM|8924,432.6,369.3519,433.471854,0.871853999999985,369.35321044921875,3.492886233115543,223622.1,345166.7027283762,cholesterol
PRISM|8924,420.0,385.3465,419.829726,-0.170274000000006,385.3479919433594,3.871693033109644,3946917.0,8013727.326934523,cholestenone
PRISM|8924,450.0,371.3583,449.521494,-0.478505999999982,371.3592529296875,2.75781467608233,643340.3,1062785.53188387,coprostanol
PRISM|8374,432.6,369.3519,434.006202,1.406201999999951,369.3529968261719,3.024679780823762,35974440.0,43602280.23588559,cholesterol
PRISM|8374,420.0,385.3465,420.096564,0.096564000000001,385.3479919433594,3.950888194153016,22943420.0,45434084.04791406,cholestenone
PRISM|8374,450.0,371.3583,451.125768,1.125767999999994,371.3592529296875,3.196098717744441,97450.08,123705.666189656,coprostanol
PRISM|8244,432.6,369.3519,432.669204,0.069203999999957,369.35321044921875,3.520427789024071,7920429.0,15275771.52613872,cholesterol
PRISM|8244,420.0,385.3465,419.294598,-0.705401999999992,385.34796142578125,3.950888194153016,37168690.0,60885122.49564713,cholestenone
PRISM|8244,450.0,371.3583,450.056286,0.056286,371.3595275878906,2.949563944252103,130067.8,219468.1175990159,coprostanol
PRISM|7496,432.6,369.3519,434.006748,1.406747999999993,369.3533630371094,3.906009573282468,23682910.0,21116850.26906439,cholesterol
PRISM|7496,420.0,385.3465,421.167168,1.167168000000004,385.3481140136719,4.003684968132761,18813620.0,26397201.22235749,cholestenone
PRISM|7496,450.0,371.3583,450.591408,0.591408000000001,371.3597412109375,2.894778439082606,48572.66,42445.52524160174,coprostanol
PRISM|8628,432.6,369.3519,432.937044,0.337043999999992,369.3530578613281,3.245012229015388,392335.7,774614.721814221,cholesterol
PRISM|8628,420.0,385.3465,419.829954,-0.170046000000013,385.34783935546875,3.713302711022899,10226180.0,20058860.85676655,cholestenone
PRISM|8628,450.0,371.3583,449.52171,-0.478290000000015,371.3594665527344,3.387847986067283,629349.3,1034364.90511658,coprostanol
PRISM|8846,432.6,369.3519,431.866482,-0.733518000000004,369.35321044921875,3.575510901148928,34067500.0,55748450.49889126,cholesterol
PRISM|8846,420.0,385.3465,419.294286,-0.705714,385.3479919433594,3.950888194153016,2728509.0,4109507.096199104,cholestenone
PRISM|8846,450.0,371.3583,450.0,0.0,371.3583,0.0,0.0,0.0,coprostanol
PRISM|7909,432.6,369.3519,432.93789,0.337889999999959,369.35308837890625,3.189929116890531,399160.8,748593.240169633,cholesterol
PRISM|7909,420.0,385.3465,420.098172,0.098171999999977,385.34820556640625,4.426059160413253,9676474.0,21118186.97040144,cholestenone
PRISM|7909,450.0,371.3583,449.522418,-0.477581999999984,371.3595886230469,3.305669728236504,971380.3,1763319.156907853,coprostanol
PRISM|8129,432.6,369.3519,433.20729,0.607289999999978,369.3531799316406,3.410261565082158,44238590.0,76931689.13532554,cholesterol
PRISM|8129,420.0,385.3465,419.565156,-0.434843999999998,385.3479919433594,3.977286581216645,1875299.0,3450710.032671372,cholestenone
PRISM|8129,450.0,371.3583,450.0,0.0,371.3583,0.0,0.0,0.0,coprostanol
PRISM|8734,432.6,369.3519,432.403944,-0.196055999999999,369.3531188964844,3.189929116890531,4997949.0,8923317.289568935,cholesterol
PRISM|8734,420.0,385.3465,419.564232,-0.435767999999996,385.3479309082031,3.68690432395927,259711400.0,473018593.1890492,cholestenone
PRISM|8734,450.0,371.3583,448.988478,-1.011522000000014,371.3594970703125,3.168705965236228,475241.2,644035.9228190476,coprostanol
PRISM|8783,432.6,369.3519,432.937806,0.337806000000001,369.3531494140625,3.38272000901973,35328860.0,60999977.70507628,cholesterol
PRISM|8783,420.0,385.3465,419.83071,-0.16928999999999,385.34808349609375,4.13567690330339,8559020.0,16568590.01595459,cholestenone
PRISM|8783,450.0,371.3583,450.0,0.0,371.3583,0.0,0.0,0.0,coprostanol
PRISM|8550,432.6,369.3519,433.204278,0.604277999999965,369.3531188964844,3.327636897048773,53319040.0,84271030.32828595,cholesterol
PRISM|8550,420.0,385.3465,420.632088,0.63208800000001,385.34796142578125,3.713302711022899,4189836.0,7712136.452125513,cholestenone
PRISM|8550,450.0,371.3583,450.0,0.0,371.3583,0.0,0.0,0.0,coprostanol
PRISM|8591,432.6,369.3519,432.67371,0.073710000000006,369.3532409667969,3.768301793124226,83852300.0,173955733.7254457,cholesterol
PRISM|8591,420.0,385.3465,420.10152,0.101519999999994,385.3480224609375,3.950888194153016,12221300.0,27258880.15619256,cholestenone
PRISM|8591,450.0,371.3583,448.723344,-1.276656000000003,371.35906982421875,2.07299586077481,13083.16,0.0,coprostanol
PRISM|7989,432.6,369.3519,434.011584,1.411584000000005,369.3531188964844,3.272553784923916,4046032.0,3903710.312190529,cholesterol
PRISM|7989,420.0,385.3465,421.439394,1.439393999999993,385.3479309082031,3.845294646046016,472371.2,572274.8585726229,cholestenone
PRISM|7989,450.0,371.3583,450.0,0.0,371.3583,0.0,0.0,0.0,coprostanol
PRISM|7184,432.6,369.3519,432.674538,0.074537999999961,369.35308837890625,3.272553784923916,15765970.0,27842429.20948832,cholesterol
PRISM|7184,420.0,385.3465,419.834844,-0.165156000000025,385.34796142578125,3.766099485002643,11406920.0,22477105.80599982,cholestenone
PRISM|7184,450.0,371.3583,450.596532,0.596532000000025,371.35955810546875,5.031413142682876,56916.95,62317.87665550207,coprostanol
PRISM|7912,432.6,369.3519,434.00712,1.407119999999964,369.35333251953125,3.823384905249083,335174.4,296867.3655481865,cholesterol
PRISM|7912,420.0,385.3465,421.435044,1.435044000000005,385.34808349609375,4.003684968132761,10270610.0,11113073.67759,cholestenone
PRISM|7912,450.0,371.3583,451.39419,1.394189999999981,371.3594055175781,3.360455233406001,642424.1,591482.4293314603,coprostanol
PRISM|8806,432.6,369.3519,432.939582,0.33958199999995,369.3532409667969,3.5479693450865,15841210.0,30268377.40998006,cholesterol
PRISM|8806,420.0,385.3465,419.564964,-0.435036000000025,385.3478698730469,3.845294646046016,687363.5,1214868.301117032,cholestenone
PRISM|8806,450.0,371.3583,450.0,0.0,371.3583,0.0,0.0,0.0,coprostanol
PRISM|8735,432.6,369.3519,432.402522,-0.197478000000046,369.3531799316406,3.71321868115327,7279123.0,13486185.6787484,cholesterol
PRISM|8735,420.0,385.3465,419.562822,-0.437178000000017,385.34814453125,4.214872064346763,680621.5,1183494.784580615,cholestenone
PRISM|8735,450.0,371.3583,450.0,0.0,371.3583,0.0,0.0,0.0,coprostanol
PRISM|7147,432.6,369.3519,433.474512,0.874511999999982,369.35333251953125,3.685677125090841,1304163.0,2027788.226145735,cholesterol
PRISM|7147,420.0,385.3465,420.099786,0.099785999999995,385.3479919433594,3.845294646046016,214294700.0,460048479.0915942,cholestenone
PRISM|7147,450.0,371.3583,450.059058,0.059057999999993,371.35968017578125,3.798739275221181,951069.0,1839719.896249981,coprostanol
PRISM|7421,432.6,369.3519,434.006946,1.406946000000005,369.3532409667969,3.603052457057456,19657890.0,17984839.96878057,cholesterol
PRISM|7421,420.0,385.3465,420.899718,0.899718000000007,385.34820556640625,4.478855934392997,2721628.0,4261906.717418201,cholestenone
PRISM|7421,450.0,371.3583,450.0,0.0,371.3583,0.0,0.0,0.0,coprostanol
PRISM|8502,432.6,369.3519,434.007384,1.407383999999979,369.3531494140625,3.38272000901973,1026963.0,397301.4859408615,cholesterol
PRISM|8502,420.0,385.3465,421.435194,1.435194000000024,385.3482360839844,4.373262386433509,151610.8,68353.84342570539,cholestenone
PRISM|8502,450.0,371.3583,450.0,0.0,371.3583,0.0,0.0,0.0,coprostanol
PRISM|8480,432.6,369.3519,432.40215,-0.197850000000017,369.35308837890625,3.189929116890531,25167170.0,46972187.30270082,cholesterol
PRISM|8480,420.0,385.3465,419.295042,-0.704957999999976,385.3479919433594,3.660505937043154,2560159.0,4153125.090309016,cholestenone
PRISM|8480,450.0,371.3583,450.0,0.0,371.3583,0.0,0.0,0.0,coprostanol
PRISM|8483,432.6,369.3519,432.669162,0.069161999999949,369.35333251953125,3.658135569182313,20193700.0,39798575.33253576,cholesterol
PRISM|8483,420.0,385.3465,419.829456,-0.170544000000007,385.3481140136719,4.188473677283135,2742958.0,5720253.058877266,cholestenone
PRISM|8483,450.0,371.3583,450.0,0.0,371.3583,0.0,0.0,0.0,coprostanol
PRISM|8565,432.6,369.3519,432.94182,0.341819999999984,369.35308837890625,3.327636897048773,10540730.0,17867458.47724927,cholesterol
PRISM|8565,420.0,385.3465,419.834586,-0.165413999999998,385.3480224609375,3.950888194153016,893598.3,1835989.382888606,cholestenone
PRISM|8565,450.0,371.3583,450.0,0.0,371.3583,0.0,0.0,0.0,coprostanol
PRISM|8466,432.6,369.3519,433.478838,0.878837999999973,369.353271484375,3.630594013119885,28615550.0,36954353.07290453,cholesterol
PRISM|8466,420.0,385.3465,420.104226,0.104225999999983,385.3480529785156,3.924489807089389,266065200.0,572410710.4564028,cholestenone
PRISM|8466,450.0,371.3583,450.86592,0.865920000000017,371.35955810546875,3.44263349123678,2161763.0,3428476.601410128,coprostanol
PRISM|8843,432.6,369.3519,432.668844,0.068843999999956,369.3531188964844,3.272553784923916,70502520.0,136163811.4598631,cholesterol
PRISM|8843,420.0,385.3465,420.364164,0.364164000000017,385.34808349609375,4.082880129176133,6228321.0,12213365.98852945,cholestenone
PRISM|8843,450.0,371.3583,450.0,0.0,371.3583,0.0,0.0,0.0,coprostanol
PRISM|7875,432.6,369.3519,434.006856,1.406856000000005,369.35321044921875,3.437803120990686,16060940.0,18025123.82313948,cholesterol
PRISM|7875,420.0,385.3465,420.097206,0.097206000000028,385.3481750488281,4.399660773349624,3188348.0,6343374.996496808,cholestenone
PRISM|7875,450.0,371.3583,450.0,0.0,371.3583,0.0,0.0,0.0,coprostanol
PRISM|8513,432.6,369.3519,434.006964,1.40696399999996,369.353271484375,3.795843349186654,19516870.0,16407965.38877052,cholesterol
PRISM|8513,420.0,385.3465,421.167372,1.167372,385.3480224609375,3.950888194153016,83306530.0,91514461.88628018,cholestenone
PRISM|8513,450.0,371.3583,451.39404,1.394040000000018,371.3589782714844,2.949563944252103,134255.1,131461.8764697195,coprostanol
PRISM|7791,432.6,369.3519,434.006646,1.406645999999967,369.3533020019531,3.878468017220039,1207795.0,1151355.339278335,cholesterol
PRISM|7791,420.0,385.3465,421.167066,1.167065999999977,385.3481750488281,4.399660773349624,15738100.0,21738847.46222142,cholestenone
PRISM|7791,450.0,371.3583,450.858696,0.858696000000009,371.3595275878906,3.333062480897786,883442.9,1327505.835259692,coprostanol
PRISM|8753,432.6,369.3519,433.739724,1.139724000000001,369.3535461425781,4.401757581482777,33743470.0,44011051.82186494,cholesterol
PRISM|8753,420.0,385.3465,420.900144,0.900144000000012,385.3484191894531,4.954026900653233,2456218.0,3509613.888604062,cholestenone
PRISM|8753,450.0,371.3583,450.0,0.0,371.3583,0.0,0.0,0.0,coprostanol
PRISM|9148,432.6,369.3519,433.73922,1.139219999999966,369.35345458984375,4.126342021320194,3974765.0,4233323.290239326,cholesterol
PRISM|9148,420.0,385.3465,421.434546,1.434546000000012,385.3483581542969,4.637246256479742,1150052.0,1375147.597279913,cholestenone
PRISM|9148,450.0,371.3583,451.126182,1.126181999999972,371.3594665527344,3.141313212574945,9883.214844,0.0,coprostanol
PRISM|9126,432.6,369.3519,433.739364,1.139364,369.35345458984375,4.181425133291151,17059330.0,18703533.61122896,cholesterol
PRISM|9126,420.0,385.3465,421.167174,1.167173999999989,385.3484191894531,4.87483173960986,117729500.0,168803883.7262139,cholestenone
PRISM|9126,450.0,371.3583,450.59142,0.591420000000028,371.3600158691406,4.483558090528701,593911.7,963345.8405730119,coprostanol
PRISM|8675,432.6,369.3519,433.569966,0.969966,369.35345458984375,4.319132913449392,43152680.0,50847091.0284953,cholesterol
PRISM|8675,420.0,385.3465,420.99777,0.997770000000003,385.3482666015625,4.505254321456625,4145326.0,5369268.241609875,cholestenone
PRISM|8675,450.0,371.3583,450.0,0.0,371.3583,0.0,0.0,0.0,coprostanol
PRISM|7947,432.6,369.3519,433.741734,1.141733999999985,369.3534851074219,4.264049801324536,7968815.0,8480474.393155646,cholesterol
PRISM|7947,420.0,385.3465,420.634638,0.634637999999995,385.3482666015625,4.584449482499998,47144260.0,81523730.7370559,cholestenone
PRISM|7947,450.0,371.3583,450.326262,0.326261999999986,371.3594970703125,2.785207428590543,296836.0,454499.0378065431,coprostanol
PRISM|8537,432.6,369.3519,434.006814,1.406813999999997,369.35357666015625,4.456840693453734,1978891.0,1596756.589991998,cholesterol
PRISM|8537,420.0,385.3465,421.434624,1.434623999999985,385.34857177734375,5.270807544826724,728867.6,887335.5277284334,cholestenone
PRISM|8537,450.0,371.3583,450.0,0.0,371.3583,0.0,0.0,0.0,coprostanol
PRISM|8577,432.6,369.3519,434.007198,1.407197999999994,369.353515625,4.319132913449392,1318869.0,1424834.898934704,cholesterol
PRISM|8577,420.0,385.3465,420.899976,0.899975999999981,385.3484191894531,4.901230126673489,893960700.0,1408790912.429732,cholestenone
PRISM|8577,450.0,371.3583,450.591738,0.591738000000021,371.3599548339844,4.428772585206136,8806095.0,15120572.51390706,coprostanol
LLDeep_0026,432.6,369.3519,433.20423,0.604229999999973,369.3492431640625,-7.083071275157732,17220760.0,27637526.37266783,cholesterol
LLDeep_0026,420.0,385.3465,420.09714,0.097140000000024,385.3439636230469,-6.608466611679174,43301210.0,89587040.10865241,cholestenone
LLDeep_0026,450.0,371.3583,450.591318,0.591318000000001,371.3555908203125,-7.267932779272781,1737673.0,3234814.479724295,coprostanol
LLDeep_0011,432.6,369.3519,432.93624,0.336239999999975,369.3492431640625,-7.330945279257887,914956.6,1688952.949700245,cholesterol
LLDeep_0011,420.0,385.3465,420.096534,0.09653400000002,385.3440246582031,-6.344482741485429,44928480.0,99977233.5857285,cholestenone
LLDeep_0011,450.0,371.3583,449.78829,-0.211709999999982,371.35546875,-7.733609573749245,2438097.0,4868901.751681099,coprostanol
UMCG6150414,432.6,369.3519,432.936456,0.336455999999998,369.3493957519531,-6.752572603024192,2668957.0,5123603.288403931,cholesterol
UMCG6150414,420.0,385.3465,419.56185,-0.438150000000007,385.3442077636719,-6.001303710248309,1123968.0,2073282.237723558,cholestenone
UMCG6150414,450.0,371.3583,450.0,0.0,371.3583,0.0,0.0,0.0,coprostanol
UMCG5921444,432.6,369.3519,433.471782,0.871781999999996,369.3495178222656,-6.504698598924038,948360.0,1468291.689553312,cholesterol
UMCG5921444,420.0,385.3465,420.097038,0.097037999999998,385.3441467285156,-6.186092419398683,21501230.0,48149439.69880501,cholestenone
UMCG5921444,450.0,371.3583,449.7888,-0.211200000000019,371.35546875,-7.404896542426127,1305464.0,2593211.531787,coprostanol
UMCG1576297,432.6,369.3519,432.936438,0.336437999999987,369.34930419921875,-7.110612831220161,2366937.0,4354965.496065132,cholesterol
UMCG1576297,420.0,385.3465,419.29419,-0.705809999999985,385.3442077636719,-5.816515001245448,1966414.0,3147180.579533613,cholestenone
UMCG1576297,450.0,371.3583,450.0,0.0,371.3583,0.0,0.0,0.0,coprostanol
LLDeep_0037,432.6,369.3519,432.402102,-0.197898000000009,369.34930419921875,-6.862738827120006,925321.8,1873176.68170616,cholesterol
LLDeep_0037,420.0,385.3465,419.829912,-0.170088000000021,385.3440246582031,-6.502873063572173,138321300.0,259535652.2468136,cholestenone
LLDeep_0037,450.0,371.3583,449.789184,-0.210816000000023,371.355712890625,-6.99400525327223,2931874.0,5224611.006782631,coprostanol
UMCG6262744,432.6,369.3519,432.669774,0.069773999999995,369.3493957519531,-6.835197271057577,10938920.0,20994556.82484874,cholesterol
UMCG6262744,420.0,385.3465,419.830194,-0.169805999999994,385.34417724609375,-6.10689725835531,44730180.0,90673992.89879456,cholestenone
UMCG6262744,450.0,371.3583,449.789334,-0.210666000000003,371.35565185546875,-6.884434242780167,532561.5,937876.7924610924,coprostanol
UMCG6047689,432.6,369.3519,432.669348,0.069347999999991,369.3494567871094,-6.587323266957423,18819320.0,36519429.21826223,cholesterol
UMCG6047689,420.0,385.3465,419.562126,-0.437874000000022,385.3440856933594,-6.159694032335055,290431400.0,507817715.1898986,cholestenone
UMCG6047689,450.0,371.3583,449.253882,-0.746118000000024,371.3556823730469,-6.802255984949388,3238317.0,4936020.544839769,coprostanol
UMCG8089650,432.6,369.3519,432.669558,0.069557999999972,369.3496398925781,-6.201741482852927,1612024.0,2951240.65004718,cholesterol
UMCG8089650,420.0,385.3465,419.829852,-0.170147999999983,385.3442687988281,-5.526132743988073,810293.5,1602215.06166788,cholestenone
UMCG8089650,450.0,371.3583,450.0,0.0,371.3583,0.0,0.0,0.0,coprostanol
UMCG1180653,432.6,369.3519,432.939408,0.339407999999992,369.3495788574219,-6.14665837088197,3243866.0,5423179.678603892,cholesterol
UMCG1180653,420.0,385.3465,419.564784,-0.435216000000025,385.3443298339844,-5.552531131051701,115404900.0,215239772.2709801,cholestenone
UMCG1180653,450.0,371.3583,449.256546,-0.743453999999986,371.35589599609375,-6.30918643796471,1284493.0,1828070.766600003,coprostanol
LLDeep_0033,432.6,369.3519,433.472454,0.872454000000005,369.3495178222656,-6.366990818919696,472241.3,758878.1690071,cholesterol
LLDeep_0033,420.0,385.3465,420.097836,0.097835999999973,385.3444519042969,-5.420539196028585,10907760.0,24363198.37895996,cholestenone
LLDeep_0033,450.0,371.3583,449.789478,-0.210522000000026,371.3555908203125,-7.076183511103008,1264570.0,2371246.144348506,coprostanol
LLDeep_0021,432.6,369.3519,432.941964,0.341963999999962,369.3494873046875,-6.64240637908228,781835.5,1590072.934690895,cholesterol
LLDeep_0021,420.0,385.3465,420.102264,0.102263999999991,385.34429931640625,-5.57892951811533,65864260.0,149058197.123893,cholestenone
LLDeep_0021,450.0,371.3583,450.06153,0.061530000000005,371.3558044433594,-6.446150200964986,5468836.0,12197376.3463979,coprostanol
UMCG3321127,432.6,369.3519,432.138066,-0.461934000000042,369.3495788574219,-6.284366150886311,58215940.0,91367626.33879188,cholesterol
UMCG3321127,420.0,385.3465,419.29836,-0.701639999999998,385.3442687988281,-5.816515001245448,32828750.0,52278444.49963095,cholestenone
UMCG3321127,450.0,371.3583,450.0,0.0,371.3583,0.0,0.0,0.0,coprostanol
UMCG6868484,432.6,369.3519,432.936942,0.336941999999965,369.3496398925781,-6.14665837088197,1389632.0,2642962.362101963,cholesterol
UMCG6868484,420.0,385.3465,419.829714,-0.170285999999976,385.3443298339844,-5.631726292095074,33711780.0,67311016.3050367,cholestenone
UMCG6868484,450.0,371.3583,448.71906,-1.280939999999987,371.3555908203125,-7.158361768933789,1857628.0,2319886.424400389,coprostanol
UMCG4722506,432.6,369.3519,432.401856,-0.198144000000013,369.3496398925781,-6.091575258757113,3599532.0,5811897.476751048,cholesterol
UMCG4722506,420.0,385.3465,419.56215,-0.437850000000026,385.3442077636719,-6.054100484375565,167788500.0,276474201.7999713,cholestenone
UMCG4722506,450.0,371.3583,449.788938,-0.211062000000027,371.3559875488281,-7.048790758441726,2578499.0,4253250.109527745,coprostanol
UMCG8255148,432.6,369.3519,432.669732,0.069731999999988,369.34967041015625,-6.14665837088197,12371630.0,23677157.90949292,cholesterol
UMCG8255148,420.0,385.3465,419.294988,-0.705012000000011,385.34417724609375,-5.974905323332194,362473400.0,615247399.593212,cholestenone
UMCG8255148,450.0,371.3583,449.254266,-0.745734000000027,371.3557434082031,-6.720077727118608,1502043.0,2179553.966175192,coprostanol
UMCG1708847,432.6,369.3519,432.134172,-0.465828000000045,369.3496398925781,-6.174199926790497,591341.2,944433.6714586864,cholesterol
UMCG1708847,420.0,385.3465,419.29446,-0.705539999999985,385.3443908691406,-5.552531131051701,38972840.0,60647109.45170317,cholestenone
UMCG1708847,450.0,371.3583,448.718706,-1.281294000000003,371.3559875488281,-6.363971943134207,3903758.0,4647571.789449072,coprostanol
UMCG3299495,432.6,369.3519,432.768408,0.168407999999999,369.3496398925781,-5.981409034815199,31826030.0,62075277.62423071,cholesterol
UMCG3299495,420.0,385.3465,419.661186,-0.338814000000014,385.34429931640625,-5.57892951811533,3217619.0,6412804.433471987,cholestenone
UMCG3299495,450.0,371.3583,450.0,0.0,371.3583,0.0,0.0,0.0,coprostanol
UMCG7115152,432.6,369.3519,432.134292,-0.465708000000006,369.3497314453125,-5.81615969874843,81261920.0,151799084.422754,cholesterol
UMCG7115152,420.0,385.3465,419.02719,-0.972809999999981,385.34454345703125,-5.209352099814582,8493268.0,12190170.7896873,cholestenone
UMCG7115152,450.0,371.3583,450.0,0.0,371.3583,0.0,0.0,0.0,coprostanol
UMCG9830707,432.6,369.3519,432.401514,-0.198486000000003,369.34979248046875,-5.65091036268166,14626270.0,27463973.18909097,cholesterol
UMCG9830707,420.0,385.3465,419.561808,-0.438192000000015,385.34466552734375,-4.813376294597719,10043690.0,17771664.85704621,cholestenone
UMCG9830707,450.0,371.3583,449.52108,-0.478920000000016,371.3562316894531,-5.569582117487693,14832.65,14152.38756384423,coprostanol
UMCG9119812,432.6,369.3519,432.401682,-0.198318000000029,369.34991455078125,-5.513202582523419,22859020.0,43054791.93537305,cholesterol
UMCG9119812,420.0,385.3465,419.29458,-0.705420000000004,385.3446044921875,-4.918969842704721,66777840.0,113277724.6617715,cholestenone
UMCG9119812,450.0,371.3583,449.521248,-0.478751999999986,371.3560791015625,-5.816116890980033,365351.4,570511.9055727161,coprostanol
LLDeep_0012,432.6,369.3519,432.133794,-0.466206,369.3497619628906,-5.705993474652617,915248.8,1501553.949663183,cholesterol
LLDeep_0012,420.0,385.3465,419.294082,-0.705917999999997,385.3443298339844,-5.763718227118192,162375600.0,237152711.2686494,cholestenone
LLDeep_0012,450.0,371.3583,448.718322,-1.281677999999999,371.3562316894531,-5.843509643641315,5329162.0,5551433.494231495,coprostanol
UMCG8438880,432.6,369.3519,432.40395,-0.196050000000014,369.34979248046875,-5.733535030715045,31228300.0,56108423.2496709,cholesterol
UMCG8438880,420.0,385.3465,419.296722,-0.703278000000012,385.3447265625,-4.760579520617975,36015150.0,57153829.4192401,cholestenone
UMCG8438880,450.0,371.3583,448.988478,-1.011522000000014,371.3564758300781,-5.049119817841733,19721.41,13357.82823221124,coprostanol
LLDeep_0034,432.6,369.3519,432.66903,0.069029999999998,369.349853515625,-5.623368806619231,2968019.0,5418407.008484267,cholesterol
LLDeep_0034,420.0,385.3465,419.294418,-0.705581999999993,385.3446044921875,-4.892571455641092,66467340.0,109636762.5604805,cholestenone
LLDeep_0034,450.0,371.3583,449.788596,-0.211404000000016,371.35614013671875,-5.651760375318474,810905.1,1500447.236370472,coprostanol
LLDeep_0022,432.6,369.3519,432.134766,-0.46523400000001,369.3497619628906,-5.705993474652617,1871600.0,2793229.025939452,cholesterol
LLDeep_0022,420.0,385.3465,419.027676,-0.972324000000015,385.3446960449219,-4.628587585594858,154011600.0,210070531.6781524,cholestenone
LLDeep_0022,450.0,371.3583,448.719438,-1.280561999999975,371.35626220703125,-5.350440096656637,4099418.0,4380042.177737867,coprostanol
LLDeep_0027,432.6,369.3519,431.602866,-0.997134000000017,369.3499755859375,-5.32041169054812,51274260.0,75135843.32365176,cholesterol
LLDeep_0027,420.0,385.3465,419.298192,-0.701808000000028,385.3446350097656,-4.866173068724977,53227410.0,80877587.0807739,cholestenone
LLDeep_0027,450.0,371.3583,448.722438,-1.277561999999989,371.3560485839844,-6.363971943134207,152319.8,153081.6341716633,coprostanol
UMCG5792346,432.6,369.3519,431.600364,-0.99963600000001,369.3498229980469,-5.595827250556804,46148730.0,63857708.22734392,cholesterol
UMCG5792346,420.0,385.3465,418.760664,-1.23933599999998,385.34466552734375,-4.681384359574603,7609800.0,8211655.116611862,cholestenone
UMCG5792346,450.0,371.3583,450.0,0.0,371.3583,0.0,0.0,0.0,coprostanol
UMCG4789724,432.6,369.3519,432.940908,0.340907999999956,369.34979248046875,-5.761076586623573,703809.1,1539073.486492706,cholesterol
UMCG4789724,420.0,385.3465,419.298786,-0.701213999999993,385.34454345703125,-5.103758551855094,8830344.0,14625502.43048108,cholestenone
UMCG4789724,450.0,371.3583,450.06048,0.060479999999984,371.35601806640625,-6.144829922303151,310680.2,557308.4837688328,coprostanol
UMCG4081271,432.6,369.3519,432.669012,0.069011999999987,369.349853515625,-5.595827250556804,1604684.0,3184271.813341301,cholesterol
UMCG4081271,420.0,385.3465,419.02689,-0.97311000000002,385.34454345703125,-5.024563390811721,52131490.0,77717848.40865605,cholestenone
UMCG4081271,450.0,371.3583,448.986162,-1.013838000000021,371.3562316894531,-5.487403859656914,2045796.0,2634309.402280135,coprostanol
UMCG3748218,432.6,369.3519,432.402234,-0.197766000000001,369.3497619628906,-5.81615969874843,24977790.0,47679077.89112412,cholesterol
UMCG3748218,420.0,385.3465,419.562528,-0.437472000000014,385.3446044921875,-4.839774681661348,6569958.0,11783205.68954902,cholestenone
UMCG3748218,450.0,371.3583,450.0,0.0,371.3583,0.0,0.0,0.0,coprostanol
UMCG3748218,432.6,369.3519,434.00688,1.406880000000001,369.3506774902344,-3.337419657746881,10727970.0,6164059.453045692,cholesterol
UMCG3748218,420.0,385.3465,421.434696,1.434695999999974,385.3455810546875,-2.43752146329654,5442888.0,4789188.314094661,cholestenone
UMCG3748218,450.0,371.3583,450.0,0.0,371.3583,0.0,0.0,0.0,coprostanol
LLDeep_0043,432.6,369.3519,432.401706,-0.198294000000033,369.3498229980469,-5.595827250556804,6297624.0,11096981.3117332,cholesterol
LLDeep_0043,420.0,385.3465,419.562108,-0.437891999999977,385.3444519042969,-5.341344034985212,185394500.0,339914256.2418968,cholestenone
LLDeep_0043,450.0,371.3583,449.521266,-0.478733999999974,371.3563232421875,-5.460011106995631,2385377.0,4035276.361826791,coprostanol
LLDeep_0047,432.6,369.3519,432.232962,-0.367038000000036,369.3498229980469,-5.705993474652617,547161.7,1091664.063538872,cholesterol
LLDeep_0047,420.0,385.3465,419.125866,-0.874134000000026,385.3446044921875,-4.918969842704721,16116150.0,25991393.73394507,cholestenone
LLDeep_0047,450.0,371.3583,449.352528,-0.647471999999993,371.3559875488281,-5.733938633149252,378245.3,683060.1121555745,coprostanol
UMCG4851027,432.6,369.3519,432.936606,0.336605999999961,369.3498840332031,-5.458119470552461,19026090.0,36499343.93894687,cholesterol
UMCG4851027,420.0,385.3465,419.562006,-0.437994000000003,385.3446350097656,-4.892571455641092,856583.2,1520958.449774811,cholestenone
UMCG4851027,450.0,371.3583,450.0,0.0,371.3583,0.0,0.0,0.0,coprostanol
UMCG7563651,432.6,369.3519,431.866548,-0.733452,369.34967041015625,-6.229283038915355,663547.4,1085611.999490998,cholesterol
UMCG7563651,420.0,385.3465,418.759326,-1.240674000000013,385.3445739746094,-5.077360164791465,11960590.0,14104643.71063195,cholestenone
UMCG7563651,450.0,371.3583,448.718598,-1.281402000000014,371.3559875488281,-5.788724138318749,847937.6,800813.1603317866,coprostanol
LLDeep_0018,432.6,369.3519,432.672168,0.072167999999976,369.3497314453125,-5.568285694648274,417317.2,955196.3409633654,cholesterol
LLDeep_0018,420.0,385.3465,419.297556,-0.702444000000014,385.34454345703125,-4.998165003748093,11328350.0,19488297.29144437,cholestenone
LLDeep_0018,450.0,371.3583,449.524218,-0.475781999999981,371.35601806640625,-5.980473406641592,1002362.0,1796081.501841751,coprostanol
UMCG6738619,432.6,369.3519,432.45102,-0.148979999999995,369.3497009277344,-5.513202582523419,229487.0,417482.7145315444,cholesterol
UMCG6738619,420.0,385.3465,419.343918,-0.656082000000026,385.34454345703125,-5.024563390811721,3630735.0,6480385.303750539,cholestenone
UMCG6738619,450.0,371.3583,449.03556,-0.964440000000025,371.3558654785156,-6.692684974457325,440822.2,701106.3926589357,coprostanol
UMCG3243705,432.6,369.3519,432.93663,0.336629999999957,369.3498229980469,-5.568285694648274,550611.7,1127336.540887105,cholesterol
UMCG3243705,420.0,385.3465,419.294382,-0.705618000000015,385.3446350097656,-4.839774681661348,25255200.0,41985299.28673448,cholestenone
UMCG3243705,450.0,371.3583,449.52117,-0.478830000000016,371.3559875488281,-6.254400932795213,1983214.0,3297629.182762503,coprostanol
LLDeep_0001,432.6,369.3519,432.66957,0.069569999999999,369.34991455078125,-5.458119470552461,619915.9,1338522.666010029,cholesterol
LLDeep_0001,420.0,385.3465,419.56248,-0.437520000000006,385.3446350097656,-4.839774681661348,45584300.0,84332914.70578176,cholestenone
LLDeep_0001,450.0,371.3583,449.52162,-0.478380000000016,371.3564758300781,-5.103905323164298,1439220.0,2752699.535087974,coprostanol
UMCG7198526,432.6,369.3519,432.669132,0.069131999999968,369.3497314453125,-5.678451918590188,17287190.0,35355089.34650085,cholesterol
UMCG7198526,420.0,385.3465,419.29452,-0.705480000000023,385.3446044921875,-4.998165003748093,130573300.0,221835337.2729811,cholestenone
UMCG7198526,450.0,371.3583,448.986276,-1.013724000000025,371.3564147949219,-5.186083580995079,1272749.0,1782330.928216892,coprostanol
UMCG3595094,432.6,369.3519,432.93657,0.336569999999995,369.34979248046875,-5.678451918590188,11255820.0,20551819.8383818,cholesterol
UMCG3595094,420.0,385.3465,419.561958,-0.438041999999996,385.3446350097656,-4.839774681661348,108462000.0,195343654.7805833,cholestenone
UMCG3595094,450.0,371.3583,449.52111,-0.478889999999979,371.3559265136719,-6.062651664472371,1203647.0,1958009.049941431,coprostanol
UMCG5308346,432.6,369.3519,432.669312,0.069311999999968,369.3498229980469,-5.595827250556804,5239949.0,9645658.397909299,cholesterol
UMCG5308346,420.0,385.3465,419.29458,-0.705420000000004,385.34466552734375,-4.786977907681604,38066280.0,63889348.7521067,cholestenone
UMCG5308346,450.0,371.3583,448.986336,-1.013664000000006,371.35638427734375,-5.131298075672512,2501801.0,3628148.632947052,coprostanol
UMCG2136686,432.6,369.3519,432.401808,-0.198192000000006,369.3498229980469,-5.705993474652617,987788.4,1971572.659767176,cholesterol
UMCG2136686,420.0,385.3465,419.562102,-0.437898000000018,385.3445739746094,-5.050961777727838,34696400.0,60805023.16369786,cholestenone
UMCG2136686,450.0,371.3583,449.253864,-0.746135999999979,371.3561706542969,-5.651760375318474,3574006.0,5526058.128282763,coprostanol
LLDeep_0024,432.6,369.3519,432.936678,0.336677999999949,369.3497619628906,-5.81615969874843,865769.5,1657835.462156819,cholesterol
LLDeep_0024,420.0,385.3465,419.82957,-0.17043000000001,385.34454345703125,-5.13015693877121,49894640.0,101349354.5951637,cholestenone
LLDeep_0024,450.0,371.3583,449.788854,-0.211145999999985,371.3561706542969,-5.788724138318749,2875850.0,5667399.285233922,coprostanol
LLDeep_0010,432.6,369.3519,432.942294,0.342293999999981,369.34991455078125,-5.403036358581505,619735.2,1223520.873985048,cholesterol
LLDeep_0010,420.0,385.3465,419.567682,-0.432318000000009,385.3446044921875,-4.998165003748093,44648670.0,82210606.79771397,cholestenone
LLDeep_0010,450.0,371.3583,449.526834,-0.473165999999992,371.3563232421875,-5.213476333503293,1858992.0,3149451.459532476,coprostanol
UMCG4000898,432.6,369.3519,432.234888,-0.365112000000011,369.3497009277344,-5.953867478752772,9969627.0,17554383.22395358,cholesterol
UMCG4000898,420.0,385.3465,419.127786,-0.872213999999985,385.3445129394531,-5.050961777727838,316850900.0,515661604.0411182,cholestenone
UMCG4000898,450.0,371.3583,449.08707,-0.912930000000017,371.3561706542969,-5.405225601826134,4252487.0,5770653.961184202,coprostanol
LLDeep_0028,432.6,369.3519,432.669156,0.069155999999964,369.3499450683594,-5.210245466452307,1567482.0,3072993.415189847,cholesterol
LLDeep_0028,420.0,385.3465,419.562054,-0.437946000000011,385.3446960449219,-4.734181133554347,152454500.0,261404806.774615,cholestenone
LLDeep_0028,450.0,371.3583,449.521206,-0.478793999999994,371.35595703125,-6.281793685303427,4888174.0,8493551.254837606,coprostanol
UMCG2023308,432.6,369.3519,431.866596,-0.733404000000007,369.34979248046875,-5.81615969874843,28858210.0,46606724.53490973,cholesterol
UMCG2023308,420.0,385.3465,419.829438,-0.170562000000018,385.3445129394531,-5.13015693877121,2527346.0,4855825.888380791,cholestenone
UMCG2023308,450.0,371.3583,450.0,0.0,371.3583,0.0,0.0,0.0,coprostanol
UMCG1705352,432.6,369.3519,432.669132,0.069131999999968,369.3498229980469,-5.678451918590188,394146.8,856466.8803888701,cholesterol
UMCG1705352,420.0,385.3465,419.027016,-0.972983999999997,385.3445739746094,-4.998165003748093,9202666.0,12549303.17200668,cholestenone
UMCG1705352,450.0,371.3583,448.986288,-1.013711999999998,371.35614013671875,-5.925687901472094,540512.6,579541.10952838,coprostanol
UMCG4268471,432.6,369.3519,433.20435,0.604349999999954,369.3498229980469,-5.678451918590188,6651269.0,10594970.41171509,cholesterol
UMCG4268471,420.0,385.3465,419.829738,-0.17026199999998,385.3445739746094,-4.918969842704721,1706974.0,3307302.348421123,cholestenone
UMCG4268471,450.0,371.3583,450.0,0.0,371.3583,0.0,0.0,0.0,coprostanol
LLDeep_0015,432.6,369.3519,432.401874,-0.198126000000002,369.3498229980469,-5.678451918590188,729547.6,1487924.834648242,cholesterol
LLDeep_0015,420.0,385.3465,419.56215,-0.437850000000026,385.344482421875,-5.235750486878212,44672890.0,81549537.30803569,cholestenone
LLDeep_0015,450.0,371.3583,448.986396,-1.013603999999987,371.3560485839844,-5.898295148810812,1044079.0,1575535.445319919,coprostanol
LLDeep_0029,432.6,369.3519,432.401688,-0.198312000000044,369.349853515625,-5.568285694648274,858543.3,1691683.187233114,cholesterol
LLDeep_0029,420.0,385.3465,419.027076,-0.972923999999978,385.3443908691406,-5.420539196028585,88730070.0,129616202.2025003,cholestenone
LLDeep_0029,450.0,371.3583,448.986342,-1.013658000000021,371.35601806640625,-6.254400932795213,2234710.0,2859671.55673315,coprostanol
UMCG5113553,432.6,369.3519,432.402432,-0.197568000000047,369.3498229980469,-5.761076586623573,12274200.0,22533425.9598961,cholesterol
UMCG5113553,420.0,385.3465,419.562726,-0.437274000000002,385.3443603515625,-5.473335970008329,20508280.0,37513255.0912439,cholestenone
UMCG5113553,450.0,371.3583,448.98696,-1.01303999999999,371.35565185546875,-6.91182699544145,185911.1,235863.6849418334,coprostanol
UMCG2739287,432.6,369.3519,432.66981,0.069809999999961,369.34967041015625,-6.064033702848585,19037950.0,41459127.40344856,cholesterol
UMCG2739287,420.0,385.3465,419.562588,-0.437411999999995,385.34429931640625,-5.737319840202075,18767190.0,34975832.31951297,cholestenone
UMCG2739287,450.0,371.3583,450.0,0.0,371.3583,0.0,0.0,0.0,coprostanol
UMCG0333264,432.6,369.3519,432.670176,0.070176000000004,369.3495788574219,-6.366990818919696,22894700.0,45252084.41894036,cholesterol
UMCG0333264,420.0,385.3465,419.028048,-0.971951999999988,385.34442138671875,-5.420539196028585,3944690.0,5599904.155266714,cholestenone
UMCG0333264,450.0,371.3583,450.0,0.0,371.3583,0.0,0.0,0.0,coprostanol
UMCG2788516,432.6,369.3519,431.867112,-0.732888000000003,369.3496398925781,-6.256824594823883,32637420.0,51334854.94651168,cholesterol
UMCG2788516,420.0,385.3465,419.294916,-0.705083999999999,385.3443298339844,-5.631726292095074,11441270.0,17488868.1058456,cholestenone
UMCG2788516,450.0,371.3583,450.0,0.0,371.3583,0.0,0.0,0.0,coprostanol
UMCG6966873,432.6,369.3519,431.867352,-0.73264800000004,369.34954833984375,-6.504698598924038,751530.2,1294639.238767469,cholesterol
UMCG6966873,420.0,385.3465,419.027646,-0.972353999999996,385.3442687988281,-5.869311775225192,49701670.0,67679881.1521438,cholestenone
UMCG6966873,450.0,371.3583,448.986924,-1.013076000000012,371.3559875488281,-6.281793685303427,3300260.0,4224924.647105234,coprostanol
UMCG6628208,432.6,369.3519,432.401664,-0.19833600000004,369.3495788574219,-6.256824594823883,9699801.0,18825227.52742538,cholesterol
UMCG6628208,420.0,385.3465,419.294574,-0.705425999999989,385.3443298339844,-5.658124679158703,19501660.0,31854108.37264218,cholestenone
UMCG6628208,450.0,371.3583,448.986204,-1.013796000000013,371.35614013671875,-6.720077727118608,27177.19,35999.28119489925,coprostanol
UMCG6054655,432.6,369.3519,432.669546,0.069546000000003,369.3496398925781,-6.174199926790497,1404116.0,2879134.820406766,cholesterol
UMCG6054655,420.0,385.3465,419.562324,-0.43767600000001,385.3442687988281,-5.974905323332194,12290940.0,21343251.5455081,cholestenone
UMCG6054655,450.0,371.3583,449.254086,-0.745914000000028,371.35577392578125,-6.857041490118884,87467.47,96114.84274328758,coprostanol
UMCG6720116,432.6,369.3519,433.21431,0.614309999999989,369.3495178222656,-6.504698598924038,2988293.0,4720923.811860025,cholesterol
UMCG6720116,420.0,385.3465,419.839572,-0.160428000000024,385.3443298339844,-5.605327905031446,101177800.0,212783355.5011688,cholestenone
UMCG6720116,450.0,371.3583,450.33375,0.333750000000009,371.3562316894531,-5.925687901472094,759242.0,1505887.859040286,coprostanol
UMCG9533410,432.6,369.3519,433.748436,1.148436000000004,369.34942626953125,-6.614864823019851,3137701.0,3691861.997109865,cholesterol
UMCG9533410,420.0,385.3465,420.641352,0.641351999999984,385.34423828125,-5.605327905031446,635662.4,1129845.621693641,cholestenone
UMCG9533410,450.0,371.3583,450.0,0.0,371.3583,0.0,0.0,0.0,coprostanol
LLDeep_0030,432.6,369.3519,433.738806,1.138805999999988,369.3493957519531,-6.835197271057577,17523380.0,21908968.11620289,cholesterol
LLDeep_0030,420.0,385.3465,420.364194,0.364193999999998,385.3441467285156,-6.080498871291682,159473800.0,311023845.8622244,cholestenone
LLDeep_0030,450.0,371.3583,450.323346,0.323346000000015,371.3556823730469,-6.802255984949388,1339669.0,2475586.695205502,coprostanol
LLDeep_0039,432.6,369.3519,433.471224,0.871223999999984,369.3494873046875,-6.614864823019851,55221080.0,93495748.596011,cholesterol
LLDeep_0039,420.0,385.3465,420.096486,0.096486000000027,385.3442077636719,-5.869311775225192,11340800.0,24422211.05481313,cholestenone
LLDeep_0039,450.0,371.3583,449.788248,-0.21175199999999,371.356201171875,-5.651760375318474,17312.65,0.0,coprostanol
LLDeep_0003,432.6,369.3519,433.203546,0.603545999999994,369.3492736816406,-7.193237499253546,7130844.0,11132913.04527108,cholesterol
LLDeep_0003,420.0,385.3465,420.36384,0.363839999999982,385.34417724609375,-6.159694032335055,157372700.0,317341533.1297923,cholestenone
LLDeep_0003,450.0,371.3583,450.055602,0.055602000000022,371.35589599609375,-6.939219747949664,2852276.0,5024909.58896587,coprostanol
UMCG9189151,432.6,369.3519,433.738416,1.13841599999995,369.3492736816406,-6.945363495153391,25981900.0,36686229.32183971,cholesterol
UMCG9189151,420.0,385.3465,420.363678,0.363677999999993,385.3439025878906,-6.63486499859529,8527108.0,16531778.07201759,cholestenone
UMCG9189151,450.0,371.3583,450.0,0.0,371.3583,0.0,0.0,0.0,coprostanol
UMCG5613882,432.6,369.3519,433.203696,0.603695999999957,369.3492736816406,-6.945363495153391,22663520.0,34786460.49211639,cholesterol
UMCG5613882,420.0,385.3465,420.63162,0.631619999999998,385.3440246582031,-6.423677902528801,3263582.0,5843895.704824188,cholestenone
UMCG5613882,450.0,371.3583,450.0,0.0,371.3583,0.0,0.0,0.0,coprostanol
UMCG5437940,432.6,369.3519,434.006394,1.406393999999978,369.349365234375,-6.945363495153391,33068170.0,31322036.73966568,cholesterol
UMCG5437940,420.0,385.3465,421.166688,1.166688000000022,385.3441162109375,-6.133295645418938,2341061.0,3281424.231622883,cholestenone
UMCG5437940,450.0,371.3583,450.0,0.0,371.3583,0.0,0.0,0.0,coprostanol
LLDeep_0052,432.6,369.3519,433.471668,0.871668,369.3493957519531,-6.80765571514905,21337940.0,29349840.96866112,cholesterol
LLDeep_0052,420.0,385.3465,420.899598,0.899598000000026,385.34393310546875,-6.714060159638663,779966600.0,1312112711.482736,cholestenone
LLDeep_0052,450.0,371.3583,450.591234,0.591233999999986,371.35577392578125,-7.213147274103285,1288753.0,2213916.444996182,coprostanol
