run_accession	ismA_only_species_mapped	total_reads	spiR_or_ismA_gene_mapped	spiR_and_ismA_species_mapped	spiR_only_species_mapped	spiR_or_ismA_species_mapped	Study	reads_mapped_spiR_species	reads_mapped_ismA_species	reads_mapped_spiR_gene	reads_mapped_ismA_gene	area_coprostanol	intensity_coprostanol
SRR27217289	2082	2667867	0	6325	4765	7154	PROTECT	7115	6380	0	0	931.3778409	1826.47998
SRR27217292	7058	3338458	244	198686	37420	220260	PROTECT	219345	199751	180	133	28365846.67	17524160
SRR27217293	9274	8759618	26	103468	50985	138401	PROTECT	136747	105423	11	15	6786686.583	1969443
SRR27217296	5717	5971625	0	51071	26234	66560	PROTECT	65899	51947	0	0	28562.34175	19878.63
SRR27217297	2084	3057205	0	21851	12157	30191	PROTECT	29747	22393	0	0	380746.748	152489.9
SRR27217298	31673	9054747	338	190540	77941	227398	PROTECT	222205	196511	337	1399	20576432.42	12081110
SRR27217299	63625	10429225	6	203000	183885	243482	PROTECT	242239	207455	6	0	138795.2781	32806.17
SRR27217306	8062	5745545	0	76314	34104	98074	PROTECT	96735	77993	0	0	83393.93269	31207.83
SRR27217309	9742	6475565	6	70084	34012	86776	PROTECT	85831	71347	6	0	24171.78217	20713.57
SRR27217312	26055	21761712	0	197020	119779	274361	PROTECT	269130	203126	0	0	51210.09595	28067.24
SRR27217313	6685	8250301	2	71177	32624	90895	PROTECT	90126	72138	2	0	10321.31085	7527.493164
SRR27217314	4179	8014107	0	8907	9088	10755	PROTECT	10746	8989	0	0	9696.898456	2792.91626
SRR27217317	14176	4264429	471	450265	32692	471263	PROTECT	469358	452384	284	181	12110546.47	10611190
SRR27217319	8263	10187690	3	109663	56799	146477	PROTECT	145675	110820	3	0	17651.59475	10038.37
SRR27217324	8843	6964732	0	57186	29905	71410	PROTECT	70631	58255	0	0	0	2678.045654
SRR27217326	452	3339104	0	4507	2744	5868	PROTECT	5878	4540	0	0	13527.74635	5179.143066
SRR27217328	33352	15326055	183	264270	156715	364762	PROTECT	359045	271355	177	778	330471290.5	71190340
SRR27217332	56200	17633444	432	296298	674559	910574	PROTECT	893965	316914	431	341	281881810.5	62832480
SRR27217333	3935	14361663	12	55357	49276	95328	PROTECT	95028	55789	10	2	14450033.96	10610760
SRR27217334	5392	6906783	0	25853	19440	34621	PROTECT	34210	26496	0	0	26837.64785	5575.950195
SRR27217338	2666	7787754	31	81784	19650	95378	PROTECT	95186	82094	12	19	365920.8209	162587.3
SRR27217339	3149	2519497	27	41181	12415	49750	PROTECT	48811	42213	24	3	29251991.8	16663560
SRR27217344	10	19315	0	40	32	59	PROTECT	57	42	0	0	17005.50455	3115.523682
SRR27217345	5969	5895027	0	31698	26551	46400	PROTECT	45671	32612	0	0	17494.72133	8273.911133
SRR27217346	1133	1887872	0	12446	7289	17025	PROTECT	16930	12588	0	0	0	2050.224854
SRR27217347	16422	9602009	0	117402	72669	162305	PROTECT	158617	121408	0	0	2067.051002	3112.863525
SRR27217349	10304	9743493	0	92012	64553	133492	PROTECT	132400	93498	0	0	8642.056637	4365.258301
SRR27217353	854	3067286	0	2987	2949	3987	PROTECT	3934	3043	0	0	12675.97224	5040.070801
SRR27217356	1430	5027943	0	21634	8638	26224	PROTECT	26208	21746	0	0	21288.46199	8939.833008
SRR27217358	11712	10837010	210	257734	48532	287737	PROTECT	286726	259113	143	67	10008081.81	9537522
SRR27217359	4369	4157114	0	34839	25529	50910	PROTECT	50533	35431	0	0	0	0
SRR27217365	27725	31367168	0	158955	130665	236220	PROTECT	234665	161651	0	0	63279.66623	18373.61
SRR27217369	1440	3962204	0	12785	5720	14875	PROTECT	14802	12885	0	0	0	2465.89502
SRR27217372	1605	1902088	0	11431	5339	13887	PROTECT	13724	11657	0	0	6244.675664	2930.049316
SRR27217373	2476	2007809	6	20756	22313	38474	PROTECT	38050	21277	6	0	5393038.758	1663974
SRR27217374	3374	3026320	0	17499	11548	22209	PROTECT	22073	17767	0	0	23443.2368	15743.57
SRR27217383	1121	1872697	0	8728	5553	12279	PROTECT	12105	8949	0	0	0	0
SRR27217384	13225	10984859	77	110279	165493	254738	PROTECT	252869	112497	77	0	31101115.98	20530050
SRR27217387	4464	3215370	18	34543	22344	48035	PROTECT	47655	35072	18	0	346055.2472	201780.4
SRR27217388	6364	12649425	1	74773	33288	96970	PROTECT	95617	76310	1	0	247794.8997	169116.5
SRR27217393	13076	17145061	0	135339	76950	184292	PROTECT	182688	137542	0	0	25181.52043	5620.94043
SRR27217395	12889	7267509	51	124506	58260	157238	PROTECT	156084	126181	32	19	566592.9357	265074.7
SRR27217399	25204	9980090	158	192053	125453	272703	PROTECT	269621	195939	158	1114	17729528.49	8818351
SRR27217401	1074	1245679	0	9844	6696	14017	PROTECT	13909	9999	0	0	0	3515.254395
SRR27217402	1041	2004437	2	9542	6485	13479	PROTECT	13393	9668	0	2	583.6278275	2409.713135
SRR27217403	14285	4383195	5	64749	40591	92326	PROTECT	86814	70755	5	37	252188424.2	60480880
SRR27217405	6430	11585082	0	83750	35206	106360	PROTECT	105402	84953	0	0	23076.9837	13764.85
SRR27217407	2548	1996797	2	14616	8728	18406	PROTECT	18186	14894	2	33	2437.855077	2758.965088
SRR27217408	4224	8702644	0	14267	11351	18198	PROTECT	18012	14685	0	0	1761.326186	4179.257324
SRR27217412	3035	4996004	0	44216	20972	57727	PROTECT	57409	44647	0	0	0	2746.241699
SRR27217413	12693	7738123	2	82438	50003	111987	PROTECT	109704	85236	2	0	11509.27861	5059.775391
SRR27217414	14748	6461421	153	160529	48269	187251	PROTECT	185195	163042	75	78	4415822.147	2738602
SRR27217416	6458	3871438	41	74630	26065	89128	PROTECT	88220	75783	28	104	31010960.21	11203190
SRR27217417	3470	7109420	0	37747	25315	54284	PROTECT	53980	38190	0	0	6089.039383	2604.748779
SRR27217419	35027	34360028	0	352880	163447	458486	PROTECT	452929	359519	0	0	52841.65788	33215.28
SRR27217422	13609	7133134	97	112206	207207	291054	PROTECT	289236	114788	97	134	60133683.48	17365330
SRR27217426	6009	6570813	0	65361	41395	91919	PROTECT	91488	66065	0	0	33123.1339	21213.25
SRR27217428	1670	2587867	40	36361	11180	43786	PROTECT	43568	36651	39	2	990497.6784	556021.5
SRR27217432	1953	2774214	0	14504	9056	19612	PROTECT	19502	14711	0	0	391999.3927	115239.6
SRR27217433	2991	7085390	0	50302	13564	57100	PROTECT	56928	50556	0	0	14671.0089	2689.155762
SRR27217437	9484	6533325	0	70831	44610	102486	PROTECT	99778	73822	0	0	1007297.969	197680.7
SRR27217439	3001	2197942	115	77245	11141	83728	PROTECT	83451	77597	71	44	5270864.285	2484703
SRR27217443	2711	2553257	0	26352	13820	35090	PROTECT	34721	26835	0	0	268615.5368	136386.4
SRR27217444	2958	6570984	0	37255	20310	50299	PROTECT	50116	37550	0	0	718619.6447	171915.7
SRR27217446	4346	4735049	24	32103	75528	100324	PROTECT	99290	33322	24	0	704843.3479	482010
SRR27217447	2152	2612236	2	19731	13942	28352	PROTECT	28183	19999	2	0	129449.8416	71416.05
SRR27217451	13538	23760352	0	105600	84309	159310	PROTECT	157982	107516	0	0	11776.87036	2581.619873
SRR27217454	4439	5933125	0	55460	27716	74309	PROTECT	73798	56078	0	0	136087.0084	27906.61
SRR27217458	2869	1878644	0	22319	12913	30333	PROTECT	29819	22918	0	0	9502.572609	5159.729004
SRR27217460	3422	5875596	0	29423	19417	41070	PROTECT	40716	29916	0	0	71827.5749	22241.25
SRR27217462	23032	17933741	716	535902	113199	614033	PROTECT	612196	538307	452	264	28521395.91	17258590
SRR27217465	34862	11104617	240	239727	140576	322893	PROTECT	317786	245751	238	1787	125469965.8	33198010
SRR27217467	4864	3679986	25	42202	57888	91568	PROTECT	90660	43308	25	0	44554610.22	12708230
SRR27217476	3348	3854877	59	72968	16776	84459	PROTECT	83895	73635	33	26	81982663.83	23171080
SRR27217477	7054	10052649	0	68912	34181	91718	PROTECT	90306	70614	0	0	79643.8897	44461.93
SRR27217479	17207	8955040	0	112424	82479	167464	PROTECT	163664	117086	0	0	109473.7121	58591.58
SRR27217485	7370	6572568	0	41827	30017	59213	PROTECT	57871	43483	0	0	26689.21811	15814.58
SRR27217487	934	2428508	0	10361	5277	13794	PROTECT	13672	10515	0	0	0	0
SRR27217488	9205	12663252	0	33931	25640	40626	PROTECT	40434	34362	0	0	17044.56348	8001.095703
SRR27217490	11255	9277497	0	61109	58947	94595	PROTECT	93432	62742	0	0	243608.7504	53200.49
SRR27217496	860	3849610	0	3439	2614	4504	PROTECT	4333	3631	0	0	23596.92665	12819.32
SRR27217497	44980	14425049	817	745685	229530	923345	PROTECT	918793	751560	501	312	209569271.9	49148530
SRR27217501	4754	4194093	0	36221	25303	51032	PROTECT	50592	36852	0	0	11344.9514	3412.202148
SRR27217505	8905	10557579	59	100662	189882	274012	PROTECT	272503	102534	59	0	1203986.493	715104
SRR27217509	5070	4564682	0	21168	16609	24282	PROTECT	24231	21266	0	0	10533.59552	3656.112793
SRR27217511	19749	12392159	193	280099	76631	324791	PROTECT	321677	284072	127	65	648405.8271	288652.9
SRR27217516	8960	8486573	0	52029	39239	71476	PROTECT	70937	52913	0	0	85954.46385	23317.16
SRR27217517	1738	1196009	16	32660	9286	38768	PROTECT	38570	32896	6	10	269769.5793	138992.7
SRR27217523	13712	3709878	112	86632	54277	119394	PROTECT	117224	89121	112	900	224705707.7	55183790
SRR27217524	7455	5716699	26	68184	105056	159109	PROTECT	157965	69722	26	0	1401807.455	995594.1
SRR27217529	35226	13803135	420	486493	139601	585788	PROTECT	580417	492898	269	150	110637062.4	27344040
SRR6468502	27498	16511105	85	186436	223691	367512	PRISM	361419	193765	85	0	4824125.559	2976005
SRR6468504	2290	1497559	0	20211	15575	30726	PRISM	30524	20553	0	0	7877.112596	16957.11
SRR6468505	14655	15788561	1	157996	83179	212467	PRISM	210127	161035	1	0	122024.0445	116958.5
SRR6468506	24570	15223865	598	715448	116918	788535	PRISM	783895	721054	439	158	174225115.7	82194380
SRR6468507	22282	16394950	0	155414	88172	207078	PRISM	203585	159907	0	0	99162.58196	122316.8
SRR6468508	34282	16588990	155	206765	345153	491486	PRISM	486143	213970	154	197	66875424.46	35312540
SRR6468509	9144	11505339	0	65415	43311	92320	PRISM	91285	66748	0	0	273738.5257	189133.7
SRR6468510	28036	16203303	905	212407	1352548	1508173	PRISM	1503904	218638	905	0	119420915.1	93025140
SRR6468511	29198	16888886	376	378550	64973	401809	PRISM	400488	380512	213	163	42680069.45	21256140
SRR6468512	28691	14620959	506	663772	141305	752663	PRISM	746265	671423	335	171	44453052.62	42113660
SRR6468513	8693	9551832	0	72088	61296	113618	PRISM	112776	73286	0	0	0	0
SRR6468520	21429	13394365	0	227216	102444	292766	PRISM	289084	231948	0	0	845959.9985	590858.3
SRR6468521	19102	13074534	0	56321	49694	65703	PRISM	65528	56891	0	0	10370.24482	16885.25
SRR6468522	93553	53456049	960	1773663	581724	2150844	PRISM	2125743	1803824	668	332	162657937.8	116038800
SRR6468523	63411	62646466	886	677071	2042241	2545470	PRISM	2530825	696895	929	1	108784187.4	56668710
SRR6468524	33611	17856699	238	321617	235073	508471	PRISM	502736	328821	167	172	289968387	172460000
SRR6468525	55464	48371378	3	651190	287119	833770	PRISM	826838	660475	1	4	92186.80454	109049.7
SRR6468526	25098	14473045	385	176833	736232	870145	PRISM	866606	181781	385	0	48170673.35	32120740
SRR6468527	13797	13411629	178	97221	276675	348502	PRISM	346912	99504	178	0	28579687.27	13777750
SRR6468528	35669	18780480	767	941091	182625	1055478	PRISM	1049237	948753	515	250	53877335.22	47694310
SRR6468529	46083	16202011	518	678194	172156	783064	PRISM	777354	685783	327	191	376152264.6	163217900
SRR6468530	29261	15731754	43	224167	148550	325689	PRISM	319713	231530	40	184	219001252.2	133772300
SRR6468559	18381	13698189	342	412373	64891	450435	PRISM	448517	414920	237	104	209062708.6	98081960
SRR6468560	22497	12546460	13	186951	122007	269022	PRISM	265695	191161	12	1	295285.0035	247046.7
SRR6468561	11517	11913618	0	78714	46654	104310	PRISM	103062	80428	0	0	168179.4873	166366.7
SRR6468564	31643	15918731	330	195181	697091	845565	PRISM	839530	203029	329	1	48707858.78	34289290
SRR6468567	46876	16460085	882	827578	172406	936594	PRISM	930973	834792	556	326	149324404.8	83262840
SRR6468568	26013	13024519	11	165598	90350	217839	PRISM	212850	171764	6	5	603521.5692	660334.7
SRR6468569	30657	12951111	162	175791	383401	520775	PRISM	512529	185211	162	0	14662493.97	8972572
SRR6468570	2047	1428515	0	18368	9859	24316	PRISM	24082	18685	0	0	19374.46495	19183.62
SRR6468571	21728	12545330	0	159764	79441	203997	PRISM	200920	163779	0	0	311961.173	319056.2
SRR6468572	28610	29726035	4	214494	162470	262191	PRISM	261101	217354	4	0	20653.71347	26133.66
SRR6468572	28610	29726035	4	214494	162470	262191	PRISM	261101	217354	4	0	20653.71347	26133.66
SRR6468573	28477	14338964	166	286335	123025	354642	PRISM	352264	289965	92	74	8640824.079	6021538
SRR6468574	21821	7115735	93	195080	92950	255499	PRISM	251722	199873	46	47	412464848.4	221613200
SRR6468575	19315	11602057	132	176016	264223	404668	PRISM	401640	180143	132	0	44138110.51	20627820
SRR6468576	29282	17253435	312	393468	471252	792519	PRISM	783806	405157	261	51	67673956.58	37828220
SRR6468579	96598	53588193	276	717571	949796	1495896	PRISM	1480265	738624	274	2	123547225.6	58356240
SRR6468580	6942	13925447	48	109149	148294	239825	PRISM	238208	111292	48	0	41274538.23	24986390
SRR6468581	20274	10948996	1252	1127187	74744	1163762	PRISM	1160710	1130790	826	423	112491182	63391480
SRR6468582	39474	45467051	19	342088	201809	472997	PRISM	466079	351450	17	61	164758971.8	135743500
SRR6468583	10191	15290657	0	134046	39594	155861	PRISM	154805	135544	0	0	95844.3249	106487.1
SRR6468584	21344	14304749	166	218714	427388	590580	PRISM	584747	226218	166	0	17664649.45	9508091
SRR6468585	42662	50534676	1109	1235889	145593	1314229	PRISM	1309901	1241641	697	411	37003686.69	25912240
SRR6468586	88227	48511779	3	487685	247507	573652	PRISM	566968	498405	2	1	12148.52249	9365.835938
SRR6468587	20500	16359313	182	257259	468550	669748	PRISM	666020	262902	182	0	23746289.01	14960170
SRR6468588	29721	15265323	594	708554	165568	816641	PRISM	809804	717112	393	201	314097502.3	206996600
SRR6468590	16741	15146017	132	218261	360105	533825	PRISM	530588	222961	132	0	5201815.517	2601463
SRR6468591	16757	20359270	0	91715	77917	114800	PRISM	114342	93024	0	0	37785.34211	45482.24
SRR6468592	3806	2713521	28	41503	13590	49814	PRISM	49216	42217	24	4	24829918.74	13448740
SRR6468593	907550	12887032	379	141141	90831	1076382	PRISM	193703	1027363	17	357	55713537.63	33671430
SRR6468594	35813	17969448	295	294112	502070	737391	PRISM	730914	302332	295	0	24626547.92	18807840
SRR6468595	5551	7760163	0	54773	48160	85857	PRISM	84803	56234	0	0	160047.1712	212462
SRR6468596	10200	8176873	1	46444	37768	65956	PRISM	65264	47620	1	0	34866.79414	40891.07
SRR6468597	21347	13828138	85	266129	243875	460000	PRISM	454042		85	0	11273739.77	6009846
SRR6468598	39018	17706750		257285	938160	1134435	PRISM	1127524	266411	440	0	50432267.62	44327030
SRR6468599	16595	14561370	1	179860	130690	254444	PRISM	251420	184149	1	0	124510.3406	147344.2
SRR6468600	34614	16655161	130	183948	408079	535592	PRISM	529398	191744	129	1	11989959.03	8113393
SRR6468601	11901	14189385	28	167258	156942	288760	PRISM	286111	170655	28	0	273680.0522	339484.9
SRR6468602	12437	12987195	3	100750	58566	123977	PRISM	122093	103526	3	0	96399.50783	118826.9
SRR6468603	14397	11798768	10	170374	130186	256320	PRISM	253293	174361	10	0	1991754.079	958472.4
SRR6468604	18877	13320743	197	258031	217380	420508	PRISM	416298	263652	170	27	208867078.6	124738000
SRR6468605	72591	47772273	573	1026930	323959	1225843	PRISM	1218535	1037443	351	222	120337310.7	50598290
SRR6468606	47260	45554068	546	517078	1229769	1660071	PRISM	1652713	526768	562	0	18753945.25	11140840
SRR6468607	27402	15363640	675	748679	160819	849280	PRISM	845098	754301	427	248	162780091.5	95353800
SRR6468608	15670	16739733	1	222313	113976	285529	PRISM	282273	226685	1	0	27787.62453	25353.18
SRR6468609	38108	20165693		198333	123400	256635	PRISM	253725	202797	4	0	94471.7034	124467.2
SRR6468610	7891	13012989	0	81926	47615	111876	PRISM	110662	83875	0	0	666271.3385	477850.3
SRR6468611	85685	48608288	1694	1075059	1312950	2264074	PRISM	2247081	1096083	1385	309	231380247	192310200
SRR6468612	43014	48485838	3	444030	223991	594848	PRISM	589652	452603	3	0	259581.3745	209894.3
SRR6468613	75550	49190353	197	785405	361040	1006415	PRISM	996595	798720	113	84	127641132	72185690
SRR6468614	75188	56306582	287	446740	822544	1120669	PRISM	1112633	459272	285	124	34868523.13	23377140
SRR6468615	110836	63688017	3429	3178819	1928883	4873948	PRISM	4857520	3200871	2546	880	94400952.06	64569800
SRR6468616	93100	55590140	1479	931991	1052050	1802371	PRISM	1788995	951905	1335	180	80389804.67	70834060
SRR6468617	143642	65102856	1139	1372606	1179569	2337609	PRISM	2312587	1403742	844	295	149880240.8	70847670
SRR6468618	10273	15372401	1	77815	81696	124533	PRISM	123745	79529	1	0	68094.97866	82187.17
SRR6468619	22826	62867596	2	293067	129883	370814	PRISM	369261	295181	1	1	0	0
SRR6468620	35146	58029166	1	400576	127888	461718	PRISM	458593	405467	0	1	169476.9075	247031.3
SRR6468621	36941	14423182	491	582653	125069	652173	PRISM	647384	588880	295	195	199654122.9	96411520
SRR6468622	30815	16621433	203	374409	125614	442866	PRISM	439333	379182	150	51	13489405.9	10943240
SRR6468623	17977	16614421	47	198988	197885	352399	PRISM	348199	204577	47	0	1449666.853	1176317
SRR6468624	17782	13341158	0	208836	106487	271191	PRISM	269247	212176	0	0	63944.86394	82486.14
SRR6468625	32621	17669100		489792	119950	560997	PRISM	557034	495131	213	142	60744413.71	34926020
SRR6468626	23030	15493753	343	474956	176519	595313	PRISM	590076	481765	227	115	105720525.4	60748780
SRR6468627	57246	16417958	1222	1378226	154374	1464676	PRISM	1460952	1383328	766	457	82426158.7	40341400
SRR6468628	22580	16519471	5	226325	137756	321204	PRISM	317351	231103	5	0	568236.4292	379654.6
SRR6468629	23933	51150289	4	54046	56190	69322	PRISM	68898	54728	4	0	17722.56422	16955.11
SRR6468630	22117	13247260	1	149133	96573	204757	PRISM	202534	152264	1	0	34458.06488	54289.92
SRR6468631	33282	16472859	169	321915	125567	389421	PRISM	385803	327129	95	74	27366432.59	15704260
SRR6468632	17651	16122362		195787	128588	272362	PRISM	269490	200150	1	0	0	0
SRR6468633	28732	16297331	1	201673	132557	279854	PRISM	276141	206652	0	1	84686.67536	93220.47
SRR6468634	19632	15983355	529	649537	150840	742691	PRISM	737969	655693	374	167	122215550	101734300
SRR6468635	71211	56846989	1590	1924433	310226	2111293	PRISM	2102313	1936752	984	606	41637053.91	36594330
SRR6468636	409433	71268234	0	1464597	732001	1989251	PRISM	1930869	1530344	222	166	216109538.9	108962200
SRR6468637	12271	16596703	0	157362	65045	199533	PRISM	197551	160089	0	1	29752.54281	21073.84
SRR6468638	5022	11423516	0	65025	27155	71915	PRISM	71977	65173	0	0	474829.2713	437091.3
SRR6468639	28024	16508134	1	221464	109004	276396	PRISM	274372	224472	0	2	641590.0451	405935
SRR6468640	15604	8671035	582	168791	53696	197489	PRISM	195059	171875	1	0	371145.8094	400052.4
SRR6468652	21290	14136288	4	82714	56751	107805	PRISM	103778	88630	0	0	57849.6878	68438.38
SRR6468653	50645	53215508	1	497399	244559	653387	PRISM	648006	505092	2	1	659579.2136	397940.9
SRR6468654	63116	34408728	58	238318	164300	277977	PRISM	276632	241554	1	0	0	9424.800781
SRR6468655	31552	15398154	539	241951	160307	346164	PRISM	342390	247189	57	298	82887213.38	55428220
SRR6468656	43228	16957646	669	284224	1001683	1227481	PRISM	1218420	295442	539	0	66731189.24	37860230
SRR6468657	40782	16906481	0	671672	254774	865756	PRISM	862007	676767	466	203	148302667.3	101781500
SRR6468658	22710	14747469	154	172020	94120	222421	PRISM	219436	176057	0	0	149811.5056	134666.9
SRR6468659	39530	18458335	296	381098	449711	764582	PRISM	757339	389896	153	1	54036902.17	32133000
SRR6468660	35489	16630637	4	474616	121253	546809	PRISM	540067	482625	172	124	161244471.1	91826950
SRR6468661	37385	51752494	9	90586	84734	107274	PRISM	106931	91574	4	0	16684.6566	19025.78
SRR6468662	82662	67373963	2	552268	268485	714213	PRISM	694593	576535	7	2	93107.85945	110712
SRR6468663	49850	44851226	4	152313	127586	192826	PRISM	190677	155917	2	0	28156.34793	42400.5
SRR6468664	61221	47940828	2	485169	176452	571477	PRISM	565770	494824	4	2	90670.48735	112910.2
SRR6468665	115919	68473824	16	718939	405098	919510	PRISM	908020	733569	0	3	10588.55658	21863.06
SRR6468666	38642	55587456	0	492504	201241	624098	PRISM	618305	499882	16	0	1526037.258	739732.9
SRR6468667	4263	17158099	1	101241	13253	106197	PRISM	106065	101431	0	0	1917599.933	1380243
SRR6468668	77235	42096538	2	456973	343428	660223	PRISM	647750	473044	0	0	76293.9533	105114.8
SRR6468672	13820	10587014	865	74130	34715	86945	PRISM	86336	75067	1	0	697880.0112	649135.5
SRR6468673	66371	19368019	225	979545	242873	1162269	PRISM	1136506	1007003	587	278	199490413.2	95147430
SRR6468674	30499	17693447	1	217012	619667	782775	PRISM	778035	223303	225	0	34357767.93	30636690
SRR6468675	14150	12340691	4	88542	57164	122510	PRISM	120194	91439	1	0	21344.47118	23150.95
SRR6468676	22549	15114037	94	164704	86131	215786	PRISM	212004	169406	4	0	436700.1441	512943.5
SRR6468677	6874	14159048	94	58649	140827	186210	PRISM	185580	59563	94	0	55909401.1	27037810
SRR6468678	34131	16332210	1138	246687	343301	529558	PRISM	524664	253081	93	1	47535110.96	42942830
SRR6468679	31120	17212126	143	1074083	158272	1174303	PRISM	1168715	1080918	807	331	80758302.11	46710740
SRR6468680	24335	13897488	93	174868	338414	474012	PRISM	469785	180129	142	1	6301360.237	3179038
SRR6468681	43240	17691047	410	335523	399971	659719	PRISM	654085	343439	93	0	5605977.294	2987225
SRR6468682	117242	39646593	0	635440	1092241	1604212	PRISM	1564231	683133	438	31	143221161.4	96004130
SRR6468683	65512	45555420	0	512651	289387	684538	PRISM	676334	523617	0	0	177855.9226	214233.7
SRR6468684	14564	14572265	5	139210	70242	177415	PRISM	175601	141678	0	0	149397.3937	154278.7
SRR6468685	86901	61721270	40	761598	368524	961652	PRISM	950706	776022	5	0	55273.02934	68875.43
SRR6468686	21032	17936744	44	159829	109754	231841	PRISM	228000	164589	40	96	194502012.4	109689200
SRR6468687	55781	47823157	225	504701	316317	696189	PRISM	688120	515069	75	249	230742893.8	119907300
SRR6468688	61023	47588718	570	598375	280271	783416	PRISM	772541	611355	415	543	77531414.52	44725130
SRR6468689	105139	61535774	4	1024958	1216731	2070461	PRISM	2053051	1047303	529	73	171520684.8	78668450
SRR6468690	73023	39551454	666	684682	391915	948265	PRISM	940870	695236	3	1	26629.80206	22574.25
SRR6468691	82832	57327629	0	732803	1719081	2291743	PRISM	2279501	749769	679	2	11190026.53	5821176
SRR6468692	7855	4876040	83	20311	17747	24466	PRISM	24389	20634	0	0	0	9308.12207
SRR6468693	26267	15463676	1	260573	99358	315964	PRISM	314001	263842	68	33	23002254.54	10748410
SRR6468694	4311	4199695	327	22929	13175	28142	PRISM	27750	23478	0	1	14438.38409	13237.3
SRR6468694	4311	4199695	327	22929	13175	28142	PRISM	27750	23478	0	1	14438.38409	13237.3
SRR6468695	84452	58421323	0	835872	1104370	1788768	PRISM	1775234	853307	336	1	23115225.19	15566990
SRR6468696	11963	6526185	1	70044	40644	91216	PRISM	90438	71159	0	0	99536.0596	91871.63
SRR6468697	29470	17184529	0	214377	129089	290783	PRISM	285952	220558	0	0	164373.7151	106626.7
SRR6468698	7502	4968754	13	64695	39504	86780	PRISM	86030	65752	0	0	73060.40372	67046.96
SRR6468699	27073	15546608	2	237798	109470	306295	PRISM	299660	245486	12	78	93329591.24	43557580
SRR6468700	11329	14386239	1	48427	31196	62113	PRISM	61294	49818	0	2	16821.68593	19122.86
SRR6468701	6084	15350098	2482	64899	20035	72458	PRISM	72146	65462	0	1	97647.65953	67792.14
SRR6468702	36014	14604787	65	1207232	2273863	3396139	PRISM	3394209	1213091	2121	359	191202870.8	96196040
SRR6468703	21278	10139449	2	126496	94025	186074	PRISM	183601	130074	65	230	37454067.93	17778380
SRR6468704	10987	6432166	0	78302	48083	105959	PRISM	104843	79920	2	0	151514.5283	138720
SRR6468705	9602	17662384	1	54406	41528	79019	PRISM	78070	55941	0	0	30466.37407	45020.48
SRR6468706	18484	15156735	0	137968	82618	190388	PRISM	186957	142323	1	0	19740.39112	24184.14
SRR6468708	21699	15095812	605	402791	57182	434178	PRISM	432660	404761	205	111	45014941.08	27295530
SRR6468709	31035	13568123	800	632326	87194	683189	PRISM	679071	637304	350	255	66426396.7	53277180
CSM5MCVN	3447	11275303	0	51410	15982	60039	HMP2	59792	51752	0	0	6916.460883	27102.85
CSM5MCWE	19099	12788944	0	107910	88069	161928	HMP2	159962	110697	0	0	0	26224.02
CSM5MCX3	11307	13398164	2	87224	62664	126530	HMP2	125279	88990	2	0	6914.136261	33638.64
CSM5MCXL	6945	14303651	34	98048	100604	184409	HMP2	183485	99269	34	0	5599012.94	21745270
CSM5MCY8	8756	16788373	14	131055	61493	174749	HMP2	173645	132572	14	0	3612103.703	14457800
CSM5MCZ3	12813	11736928	2	106173	67786	151361	HMP2	148931	109275	2	0	65198.47003	259279.4
CSM5MCZF	11072	9159027	15	113389	97650	186191	HMP2	184985	115217	15	0	15075201.83	71468710
CSM67UA2	4396	10716223	18	53677	48979	93473	HMP2	93016	54429	18	0	230322.0556	965615.3
CSM67UAA	8313	7695621	22	35848	22621	44808	HMP2	44451	36383	14	8	0	28419.76
CSM67UAQ	3159	11996108	0	73411	15144	82172	HMP2	81833	73897	0	0	31069.23014	135607.7
CSM67UB1	9233	11649496	39	95380	64727	140515	HMP2	138995	97350	12	27	8655763.051	16947550
CSM67UBB	6059	11672286	2	66300	39222	92354	HMP2	91745	67198	2	0	2489690.357	9809460
CSM67UBH	5537	14393903	0	64870	24658	78488	HMP2	77906	65647	0	0	6864.465757	31882.9
CSM67UBN	2869	10065862	0	47379	12939	53733	HMP2	53497	47719	0	0	0	27894.12
CSM67UBZ	15473	12903079	196	301537	63113	339489	HMP2	338025	303442	105	87	9606227.106	42806950
CSM67UCK	10441	7909263	14	92109	68667	139828	HMP2	138532	93922	14	0	524080.9072	1971993
CSM67UDN	4622	10395787	0	66666	25893	83163	HMP2	82646	67391	0	0	393276.6165	765588.2
CSM67UEA	9620	9746746	3	100924	56600	138296	HMP2	137008	102625	3	0	3419136.95	16031490
CSM67UEI	6378	12325420	45	71881	72069	131625	HMP2	130820	73036	45	0	4345091.142	9112317
CSM67UEW	9374	4366097	53	80839	46264	109219	HMP2	108274	82080	27	25	9030524.902	38957800
CSM67UEW_TR	6722	4219272	59	70633	37099	93769	HMP2	93100	71522	39	18	9030524.902	38957800
CSM67UF5	16231	5260037	98	148461	54373	179934	HMP2	178472	150474	63	35	8427176.1	16645870
CSM67UFZ	7724	11547232	26	71081	41514	95600	HMP2	94880	72059	12	14	60554.1411	280872
CSM67UGO	7389	5034983	114	67550	175414	227183	HMP2	226389	68764	114	0	23909682.44	46804470
CSM67UH7	9679	12316611	1	73401	45311	101458	HMP2	99607	75617	1	0	164959.0159	332494.5
CSM79HGP	6516	15500485	107	105981	213844	305609	HMP2	305047	106930	107	0	688618.7035	3209805
CSM79HGZ	4551	9365851	33	72722	29386	91652	HMP2	91180	73337	18	15	60265716.65	256620900
CSM79HH8	2960	8840400	14	32583	24865	51334	HMP2	51041	33005	12	2	11112039.35	23824160
CSM79HHO	11624	9097528	42	131231	55494	166599	HMP2	164329	133921	31	11	17527561.5	34259370
CSM79HI7	12002	11810737	0	57741	42845	80860	HMP2	79600	59321	0	0	17498.62632	111225.3
CSM79HIB	16835	13402129	0	79835	53500	106250	HMP2	104801	81995	0	0	0	32564.28
CSM79HIJ	2874	11283712	0	84274	17936	95563	HMP2	95142	84798	0	0	48143.44557	183477.4
CSM79HIT	11815	5390011	238	181140	62172	226787	HMP2	225529	182777	140	98	3409951.128	13056570
CSM79HJM	8479	15261936	772	760553	42997	780281	HMP2	779772	761255	516	251	48896902.63	98894260
CSM79HJS	4697	10928298	4	84732	33728	104990	HMP2	104593	85354	2	2	28255.52375	78808.05
CSM79HKB	6788	8500795	18	90880	43900	120257	HMP2	119323	92157	18	0	38159184.64	75826840
CSM79HKZ	8730	23302812	2	103943	61301	145823	HMP2	145011	105111	2	0	566898.023	2219917
CSM79HLA	16763	12489457	68	133623	160780	264867	HMP2	261925	137431	68	0	10223988.71	41280100
CSM79HLA_TR	7318	8419702	23	73869	77288	137825	HMP2	136449	75608	23	0	10223988.71	41280100
CSM79HLM	13100	12760189	242	312561	39526	334843	HMP2	333828	313887	158	84	35506708.57	71095980
CSM79HMN	16897	7676636	397	319246	47948	344737	HMP2	344048	320227	222	175	3965405.763	18030200
CSM79HN6	10416	9361098	124	167012	44654	194153	HMP2	191096	170433	83	40	10402715.72	20621660
CSM79HOJ	17079	16684241	109	242083	204316	406862	HMP2	404812	245020	109	0	3819582.922	14650780
CSM79HP4	5475	7912029	76	97634	29184	116135	HMP2	115688	98252	52	24	33409615.1	69156790
CSM79HPA	3243	8470512	8	32236	19803	45921	HMP2	45524	32713	8	0	504182.9902	1046234
CSM79HPA_TR	5336	11692704	7	42974	30334	63987	HMP2	63201	43926	7	0	504182.9902	1046234
CSM79HPS	4783	8004484	20	35565	59308	84432	HMP2	84038	36094	20	0	1245710.846	5557804
CSM79HR6	3776	9107753	0	68689	32845	88977	HMP2	88693	69157	0	0	28036.50403	112639
CSM79HRG	5128	7055700	6	68020	41618	97689	HMP2	97213	68718	6	0	790611.9186	3158422
CSM7KOJO	13424	11837387	0	72657	63886	111539	HMP2	110081	74730	0	0	0	55807.68
CSM7KOKB	1764	4848238	0	31558	13451	39291	HMP2	39205	31745	0	0	8797.031528	39763.72
CSM7KOKN	3116	9859992	7	78143	21446	91494	HMP2	91208	78525	5	2	321914.6532	717485
CSM7KOKZ	6889	16964252	22	86312	67296	138996	HMP2	137883	87672	22	0	6556383.501	13305500
CSM7KOLA	20777	13251263	152	253502	95790	311318	HMP2	309911	255709	104	48	182092.2668	689041.5
CSM7KOLE	9419	6376336	158	162522	33592	182336	HMP2	181854	163264	75	83	21424191.27	42662460
CSM7KOLK	12274	10021240	247	270420	51362	300355	HMP2	297476	273718	194	53	10167471.43	20622850
CSM7KOLY		19915189	1130	1011088	120669	1079050	HMP2	1074864	1016217	753	373	4178953.97	16695060
CSM7KOMB	3271	9096091	7	43916	21802	58340	HMP2	57944	44375	7	0	12880.32413	64482.58
CSM7KOMT	18150	11857629	172	227523	83786	276178	HMP2	274083	230253	157	53	92588903.02	198137400
CSM7KON2	10679	7495584	58	93071	122692	190483	HMP2	189566	94545	58	0	18243494.03	36543100
CSM7KON8	11001	9337716	97	118033	145550	237502	HMP2	236499	119672	97	0	18485469.43	37408080
CSM7KONA	990	2548944	0	10056	5730	14098	HMP2	13972	10239	0	0	5095187.887	20038290
CSM7KONK	2349	12546401	0	27221	10062	32421	HMP2	32118	27631	0	0	14970.12242	31317.93
CSM7KOO9	4212	9427135	5	72437	35652	98359	HMP2	97885	73122	5	0	575539.2072	1233109
CSM7KOOF	6400	9094115	16	90571	55344	130861	HMP2	130036	91727	16	0	565737.8186	2240363
CSM7KOOH	5100	8460668	16	66130	32589	87025	HMP2	86338	66989	4	12	24801643.1	100220900
CSM7KOOR	1	2242	0	15	11	22	HMP2	22	15	0	0	32336862.59	63667400
CSM7KOOV	1468	5651986	0	32060	8886	37502	HMP2	37259	32357	0	0	68678.83276	309149.2
CSM7KOP8	18587	18648328	94	205144	136535	308097	HMP2	304523	209662	90	4	360522.9707	1734365
CSM7KOPE	8854	15569738	8	163871	50049	195437	HMP2	194119	165517	2	6	16928786.79	33311100
CSM7KOPI	6855	11362550	44	99630	54026	139677	HMP2	138817	100782	44	0	9104713.271	17999990
CSM7KOPS	5286	10173155	0	82166	40555	103006	HMP2	102749	82647	0	0	0	23255.46
CSM7KOQ1	1409	2103395	0	17598	10180	23283	HMP2	23166	17767	0	0	0	59796.13
CSM7KORK	5334	12258246	0	80438	33035	102477	HMP2	101980	81123	0	0	52975.4734	214949.8
CSM7KORU	3853	7773882	42	66535	23069	81065	HMP2	80826	66912	28	14	3720434.39	14832940
CSM7KOSP	2878	14367623	0	38625	11484	43070	HMP2	42848	38943	0	0	10713.97198	52149.53
CSM7KOSV	5018	11813579	11	77090	34966	100779	HMP2	99865	78204	11	0	22179.94933	100361.3
CSM7KOTK	2613	8913362	4	32648	22277	49637	HMP2	49226	33168	4	0	8217384.93	37857510
CSM7KOTU	11377	7231209	190	223266	53814	253811	HMP2	252761	224732	138	51	1720440.628	6803081
CSM7KOU9	11183	14297242	21	175542	86602	239998	HMP2	237766	178377	17	4	8879499.805	36466420
CSM7KOUL	3367	7888708	5	73648	23383	89081	HMP2	88806	74029	5	0	327212.6143	1383658
CSM9X1Y5	22101	11357392	77	193332	85751	248318	HMP2	245037	197383	37	40	49026210.28	93133960
CSM9X1YV	8522	12409696	23	135856	54061	166450	HMP2	165713	136916	18	5	5552694.217	24064040
CSM9X1ZC	4137	7070863	4	59047	37833	89419	HMP2	88600	60206	4	0	1611685.451	6705379
CSM9X211	20479	20407713	281	344959	97432	405376	HMP2	404014	346973	174	107	3588659.899	16577680
CSM9X213	6322	12202717	1	97726	43322	126159	HMP2	125443	98707	1	0	5743.371977	24178.58
CSM9X21J	10685	10947406	224	242607	35296	263072	HMP2	262473	243371	144	79	2245234.913	8657051
CSM9X22G	15200	17020492	54	193030	150611	316438	HMP2	313467	196763	49	4	5766402.833	26169580
CSM9X22U	7956	11444273	96	142606	45893	171302	HMP2	170837	143317	52	44	70951.75049	270973.4
CSM9X237	12026	8742020	84	170189	70828	209940	HMP2	208677	171849	52	32	781928.0181	3161233
CSM9X23B	9968	11978845	66	186321	63923	223382	HMP2	222405	187833	36	30	15315948.74	64804430
CSMA9J65	2741	5362490	20	44044	12991	52447	HMP2	52066	44549	14	6	40894650.07	177027700
CSMAG78W	6072	10654005	0	137143	48543	169920	HMP2	169237	138079	0	0	42911.13889	162956
CSMAIG7X	1587	7104001	3	36600	17328	50448	HMP2	50300	36851	3	0	5621072.32	25839120
ESM5MEBE	6383	8733072	2	56290	39848	80316	HMP2	79837	56988	2	0	0	0
ESM5MEBG	8639	13105865	0	80271	56172	115146	HMP2	114451	81317	0	0	13844.94916	71001.17
ESM5MEBU	7359	11249774	0	106695	36738	129289	HMP2	128480	107832	0	0	15525.38566	85445.78
ESM5MEC5	7941	8206580	267	217050	20538	228609	HMP2	228137	217679	183	81	11753281.8	45800300
ESM5MECL	8749	17864176	0	91561	55474	125618	HMP2	124929	92568	0	0	13353.05409	74619.24
ESM5MEDD	16563	20096865	27	208043	110246	283390	HMP2	280781	211517	20	7	56349315.27	219228300
ESM5MEDN	3246	4952891	0	32075	19287	44355	HMP2	43939	32658	0	0	98241.01872	444344.9
ESM718SY	7394	15277446	7	140193	70745	195955	HMP2	195161	141370	7	0	1055659.19	4330146
ESM718TF	6730	12381309	33	61561	36421	83135	HMP2	82553	62389	19	14	10240384.13	20076950
ESM718TM	3308	5434044	132	132819	16628	141195	HMP2	140978	133139	98	34	18984746.36	73077180
ESM718UH	12325	8571909	179	174887	35598	194924	HMP2	193381	176789	95	84	48645115.21	97243850
ESM718V8	12638	16286056	316	279325	64118	316020	HMP2	314578	281133	217	97	40669304.02	171124000
ESM7F5AK	34322	13247867	163	305248	124084	376123	HMP2	370339	312324	112	51	61083336.18	234255500
ESM9IEP1	6399	7225395	132	117083	65662	168102	HMP2	167529	117911	109	23	57792262	114361200
HSM5MD3Y	3117	2953162	0	26409	16275	36542	HMP2	36304	26758	0	0	6691.659284	33840.99
HSM5MD41	5108	14184040	0	73025	29711	91404	HMP2	90836	73810	0	0	34583.36717	129764.2
HSM5MD43	9260	12487219	0	83341	59543	120219	HMP2	119317	84665	0	0	0	0
HSM5MD4O	10501	13746343	2	98925	71344	144274	HMP2	143321	100300	2	0	12369.16843	64192.61
HSM5MD53	12107	8952918	405	326742	24264	339793	HMP2	338433	328222	243	162	46882.14945	122733.8
HSM5MD5D	27768	10734038	513	457798	91494	512417	HMP2	510111	460833	291	222	109058745.6	213111700
HSM5MD5P	13500	14930502	249	241003	42367	265052	HMP2	263606	242858	131	116	62674746.93	124093600
HSM5MD62	8980	15395731	32	96274	101041	177137	HMP2	176131	97696	32	0	4637714.509	9368481
HSM5MD6A	4744	7753058	0	82622	22764	96288	HMP2	95760	83336	0	0	6593.865955	29912.32
HSM5MD6A_TR	4130	11464219	0	111726	23560	126469	HMP2	125870	112447	0	0	6593.865955	29912.32
HSM5MD6K	13364	11689171	0	104392	92149	165874	HMP2	164224	106587	0	0	43911.72875	237864.8
HSM5MD73	12601	11122079	19	105621	66865	145540	HMP2	144345	107369	14	3	235056.2522	1056699
HSM5MD79	1371	5356878	0	21751	7313	25688	HMP2	25622	21870	0	0	0	0
HSM5MD7J	2413	7767505	0	15753	11289	21423	HMP2	21300	16001	0	0	0	72206.7
HSM5MD7O	70	104843	0	228	211	279	HMP2	280	228	0	0	28555.42155	120858.3
HSM67VCZ	3339	10834630	0	53592	17885	64140	HMP2	63785	54104	0	0	37694.83357	155602.3
HSM67VD6	4902	11253466	0	68088	26490	84584	HMP2	83961	68918	0	0	53216.36592	213089.6
HSM67VEE	14359	10546628	49	103366	54972	135407	HMP2	133457	105793	25	24	20753945.8	78405870
HSM67VES	37076	16979422	980	865041	83975	911932	HMP2	909257	868419	606	354	53476812.75	113299100
HSM67VF3	4489	16903643	0	73069	23582	86805	HMP2	86375	73673	0	0	35204.39141	140615.2
HSM67VFR	3441	11701593	0	48673	14193	56251	HMP2	55915	49123	0	0	0	40992.61
HSM67VFZ	25351	14926934	265	283687	100523	345370	HMP2	342359	287767	165	100	91518009.22	395846800
HSM67VGA	4483	6257688	33	52282	61589	104140	HMP2	103619	53052	33	0	7120779.443	32713160
HSM67VGG	7654	11439628	29	70610	118393	171922	HMP2	170866	72148	29	0	7473714.896	28982980
HSM67VH1	16055	10581219	6	145570	104482	211713	HMP2	210556	147472	6	0	17574.55802	69092.97
HSM67VHF	12003	14112343	281	288147	33331	306121	HMP2	305664	288776	159	122	79526743.53	302501500
HSM67VI5	9618	14885094	58	102923	154316	237814	HMP2	236471	104707	58	0	1392877.607	2831821
HSM6XRQ8	17863	15117846	364	317253	73476	363888	HMP2	362933	318622	238	126	12277506.2	53323010
HSM6XRQB	7312	10567432	0	82669	37741	106566	HMP2	105605	84019	0	0	79564.57795	347253.2
HSM6XRQM	8766	14240102	579	501180	34935	517438	HMP2	516446	502400	370	201	14824283.86	58078100
HSM6XRQW	2923	10993215	0	40014	13336	46832	HMP2	46534	40369	0	0	15565.19452	80185.36
HSM6XRRD	6817	14774692	12	68428	29331	84147	HMP2	83560	69290	29	13	11191222.93	22851030
HSM6XRRJ	7337	16144902	0	85526	59264	124031	HMP2	123529	86289	0	0	33602.63878	76008.57
HSM6XRRV	8308	6695171	0	80571	43480	108046	HMP2	107123	81795	0	0	16921.35296	71195.55
HSM6XRS8	164	71479	0	524	473	631	HMP2	630	523	0	0	0	24035.54
HSM6XRSG	3292	14297868	0	33774	9651	36270	HMP2	36139	33941	0	0	29510.31867	116891.3
HSM6XRSN	6675	16823126	1	77669	35100	97851	HMP2	97249	78563	1	0	51203.20148	107278.6
HSM6XRTM	6937	7069870	43	78988	34752	100202	HMP2	99635	79866	26	17	15320643.89	59285130
HSM6XRTQ	4988	2353578	0	31551	28658	49146	HMP2	48582	32374	0	0	0	16674.6
HSM6XRV2	3878	3533180	44	42031	22715	58301	HMP2	57877	42614	22	22	44931276.38	173871200
HSM6XRVC	16693	17246517	0	144207	127504	228660	HMP2	227147	146469	0	0	13119.06568	49867.05
HSM6XRVC_TR	15129	13127844	0	127897	128550	212957	HMP2	212022	129496	0	0	13119.06568	49867.05
HSM6XRVK	16490	9088357	0	124017	113030	200861	HMP2	198506	127138	0	0	202375.927	445353.2
HSM6XRVO	8033	5684816	2	70992	48386	100914	HMP2	100199	72075	2	0	0	62334.62
HSM6XRVW	10993	13168036	1	127922	39074	147988	HMP2	147033	129289	1	0	112586.9907	224548.1
HSM7CYX2	62182	18265568	762	755198	189670	862209	HMP2	859385	759823	470	274	3114812.199	13208280
HSM7CYXA	18236	10983529	6	135996	97974	197432	HMP2	195097	139173	73	58	24315503.98	98257630
HSM7CYY3	3601	9588250	33	74940	13431	81459	HMP2	81316	75135	21	12	7829516.929	30400340
HSM7CYYB	3594	6463549	0	7122	7614	8789	HMP2	8813	7180	0	0	0	26786.86
HSM7CYYF	4521	11989095	0	55169	20227	66466	HMP2	65933	55853	0	0	5056.667251	19862.1
HSM7CYZ7	19723	12372896	0	77864	55980	103846	HMP2	102665	80149	0	0	0	60031.23
HSM7CYZJ	15610	10922391	455	442466	79713	490164	HMP2	487944	445443	290	164	3864181.547	15013120
HSM7CYZT	3595	7354416	0	28842	10789	33834	HMP2	33467	29332	0	0	89470.35814	393812.8
HSM7CZ14	3729	8954335	10	31074	13585	37330	HMP2	37073	31403	8	2	560848.8318	2308344
HSM7CZ32	4438	8666909	0	94279	18195	104621	HMP2	104093	95016	0	0	0	0
HSM7CZ38	3292	14501033	0	180264	16125	188907	HMP2	188520	180785	0	0	15562.10095	82160.64
HSM7CZ3G	3936	9272253	15	47219	34538	72825	HMP2	72455	47747	15	0	1675761.657	6754355
HSM7J4G1	8135	8428960	23	106123	35995	129283	HMP2	127968	107840	21	2	26436286.03	102411300
HSM7J4GR	6155	13461665	25	65464	40533	92665	HMP2	91985	66411	22	3	29590.712	131759.3
HSM7J4HC	6110	14390309	20	61793	52057	99436	HMP2	98869	62619	20	0	1254676.403	2663107
HSM7J4HO	12006	10486380	0	96036	69451	137764	HMP2	136295	97855	0	0	23110.30693	116251
HSM7J4HS	3989	2458309	0	27869	20531	39918	HMP2	39394	28519	0	0	20379.93499	112694.1
HSM7J4I3	8840	18778507	0	107098	46506	135805	HMP2	134764	108507	0	0	49968.47175	195972.5
HSM7J4I7	8883	9847034	8	81828	59543	126856	HMP2	125235	83917	8	0	3591920.901	14717390
HSM7J4IC	6872	14615276	0	83155	39982	108570	HMP2	107572	84375	0	0	21857.70093	122231.8
HSM7J4IS	7734	10573940	88	132938	29811	150458	HMP2	149731	133860	52	36	4915047.903	18959080
HSM7J4IU	14740	8941826	62	149237	62765	187493	HMP2	185527	151846	38	23	18816118.6	78057740
HSM7J4J7	4381	12663865	0	50064	23128	63476	HMP2	63078	50594	0	0	12477.09376	64659.64
HSM7J4JF	5686	15644036	11	73883	33154	93684	HMP2	93054	74787	11	0	58996.04285	240281.9
HSM7J4JZ	1250	936552	0	9355	7153	13944	HMP2	13813	9543	0	0	11402.67697	66357.09
HSM7J4K8	3649	2685918	0	28239	20054	40569	HMP2	40110	28794	0	0	0	44747.29
HSM7J4KC	6582	15181307	2	49449	37855	72501	HMP2	71951	50272	2	0	108119.1963	232982.4
HSM7J4KK	20389	18118603	612	181178	772623	912804	HMP2	909624	185630	612	0	17106148.82	80761380
HSM7J4KQ	8652	14399350	2	93532	47344	121667	HMP2	120727	94809	2	0	18985.6601	114153.8
HSM7J4L9	6474	12229001	0	144760	37221	166649	HMP2	165919	145682	0	0	70204.735	301465.3
HSM7J4LD	4646	14439866	0	61202	21265	73244	HMP2	72790	61805	0	0	63535.37869	131746.1
HSM7J4LN	9890	13770768	0	91100	48503	118174	HMP2	117292	92382	0	0	15966.33412	32965.66
HSM7J4LP	96	59303	0	269	174	306	HMP2	298	274	0	0	13598.19343	74143.05
HSM7J4M4	12481	5800893	72	92738	201462	264950	HMP2	263563	94931	80	4	6234778.225	24570760
HSM7J4ME	24135	12811305	356	191258	501852	636242	HMP2	633719	195179	396	42	60989765.29	119938100
HSM7J4MK	8007	10783033	36	91083	84989	160885	HMP2	159745	92492	36	0	11018327.12	42936630
HSM7J4MS	3339	10895818	0	54913	22969	69574	HMP2	69283	55331	0	0	33489.55967	90596.26
HSM7J4MY	6053	14012602	6	74432	49775	109686	HMP2	109157	75181	6	0	46785.5693	184549.4
HSM7J4N4	9740	10139084	108	95924	212206	287577	HMP2	286480	97386	108	0	291576.5315	1341368
HSM7J4NA	8374	10563471	50	93754	97905	173353	HMP2	172470	95099	50	0	18393037.16	35604390
HSM7J4NE	6097	7656632	0	43780	29416	61314	HMP2	60427	44923	0	0	87189.66807	177504.3
HSM7J4NU	24131	15832496	404	343076	111585	413999	HMP2	411501	346446	264	140	17130133.2	65370770
HSM7J4O1	10118	15048034	58	107540	132599	219208	HMP2	218096	109130	58	0	1375445.79	5549913
HSM7J4O3		15271425	213	127015	364757	470776	HMP2	469500	128734	213	0	9818695.082	19859020
HSM7J4OE	11381	14565101	38	120069	91539	190856	HMP2	188833	122484	38	0	7241665.117	15709150
HSM7J4OT	11152	11789881	4	33391	31749	44758	HMP2	44416	33916	4	0	259053.0393	510723.3
HSM7J4OZ	6088	5948291	293	260098	28507	275775	HMP2	275041	260989	202	91	3871217.801	15159470
HSM7J4PE	6096	6625125	7	59070	39112	84385	HMP2	83766	59965	32	6	13196931.13	28433830
HSM7J4PW	15947	9167006	382	351443	47539	379351	HMP2	378702	352410	202	179	46600022.24	176813100
HSM7J4QB	5375	3918575	0	35149	28823	53070	HMP2	52531	35947	0	0	27845.75393	148567.7
HSM7J4QJ	25	8412	0	182	83	226	HMP2	227	184	0	0	0	23361.92
HSM7J4QT	4162	3942851	0	45376	22502	60259	HMP2	59688	46138	0	0	5755.005483	23665.48
HSM7J4R2	48353	17189357	1514	1100210	125271	1175407	HMP2	1172661	1103836	875	639	54975126.41	234619700
HSMA33J5	12329	13917483	0	97121	77447	144912	HMP2	143872	98646	0	0	183550.1929	366736.3
HSMA33J9	13068	10143681	155	247449	72094	290761	HMP2	289249	249455	103	52	14201908.69	57009590
HSMA33JB	9615	19184202	2	143085	71716	196329	HMP2	195202	144568	2	0	4479549.485	10519490
HSMA33JP	11760	19441785	33	106977	84422	170223	HMP2	168733	108959	33	0	2731799.482	10789440
HSMA33KM	7002	12286674	50	85893	140873	212002	HMP2	211202	86994	50	0	2436959.233	10584080
HSMA33L1	28079	10069281	0	189071	133854	270904	HMP2	266926	194206	0	0	80595.34947	371880.1
HSMA33M8	4343	12497287	25	47721	19694	58637	HMP2	58288	48093	14	11	6949413.241	30025200
HSMA33MI	338	367961	0	2259	1770	3354	HMP2	3320	2295	0	0	9070.559592	41958.61
HSMA33MZ	3189	7583665	25	70056	14816	77618	HMP2	77390	70375	19	6	1072674.297	4206896
HSMA33NQ	7582	6622032	2	44721	35841	67430	HMP2	65600	46902	18	2	19282204.07	86085370
HSMA33NW	3628	9287626	2	66336	23210	81165	HMP2	80871	66788	2	0	24375.11773	139419
HSMA33NY	9082	10499079	17	85170	67144	133154	HMP2	132237	86536	17	0	27433129.79	54502450
HSMA33O1	2741	2771090	0	17848	12779	25646	HMP2	25218	18416	0	0	11736.97543	62049.31
HSMA33OJ	10099	15897066	90	129714	47573	157385	HMP2	156715	130630	61	29	1091619.382	4150942
HSMA33OR	1659	1461313	0	11780	6904	16270	HMP2	16120	11967	0	0	7606.318082	33874.17
HSMA33OZ	10104	17211987	0	93701	49119	121711	HMP2	121020	94767	0	0	27852.59299	113851.7
HSMA33PZ	3859	16776495	0	131966	18769	141795	HMP2	141480	132379	0	0	73057.68482	153799.3
HSMA33Q6	3246	11039832	0	73588	20852	86737	HMP2	86439	74021	0	0	34684.23895	152781
HSMA33QO	7247	15278594	46	80675	39238	104701	HMP2	104095	81513	13	33	57792380.6	234183900
HSMA33R7	3968	8523204	0	38500	19368	49845	HMP2	49409	39114	0	0	63490.99602	251694.6
HSMA33R9	5699	5612580	0	48566	27883	66150	HMP2	65357	49573	0	0	110482.8595	241666.2
HSMA33RX	6172	18773851	0	154752	38503	178430	HMP2	177816	155619	0	0	69412.02358	134948
HSMA33RX_TR	3260	13528768	0	106135	21393	118744	HMP2	118488	106517	0	0	69412.02358	134948
HSMA33SG	11057	6475906	167	171825	44829	199115	HMP2	198008	173285	85	82	98985476.82	410563800
HSMA33SK	34840	13138560	439	465926	184888	600760	HMP2	596751	471124	270	169	143359625.9	560447600
MSM5LLDA	8508	8252798	0	70074	54893	104534	HMP2	103600	71467	0	0	20089.74556	92719.79
MSM5LLDI	1867	5535169	0	24416	10426	30669	HMP2	30487	24677	0	0	0	28539.67
MSM5LLDS	1807	5088210	0	26253	10311	32519	HMP2	32267	26568	0	0	0	21780.01
MSM5LLF4	13634	6292963	112	140742	59969	177875	HMP2	176518	142735	80	31	25924260.56	52307960
MSM6J2HF	2920	7649092	0	46331	13510	53675	HMP2	53426	46717	0	0	43770.87271	176577.5
MSM6J2HT	4410	18874550	26	87075	19302	97135	HMP2	96851	87403	10	16	30587529.81	120778000
MSM6J2IG	6105	10487022	0	74508	32029	95503	HMP2	94742	75572	0	0	49961.96483	253131.1
MSM6J2IQ	19705	15465212	0	133331	102292	191884	HMP2	189893	136080	0	0	0	0
MSM6J2J1	13417	12939545	0	113029	68692	152826	HMP2	151379	114940	0	0	20379.63694	89383.32
MSM6J2J5	8494	11220491	10	87152	99858	166825	HMP2	165969	88389	10	0	395376.3034	777285.7
MSM6J2JR	8881	14795977	47	104283	119355	209891	HMP2	208310	106305	47	0	1444654.428	5956926
MSM6J2K6	14560	17642028	227	174964	153686	303122	HMP2	301786	176885	163	64	60645189.58	117836600
MSM6J2KE	14066	10967797	365	225297	86713	294882	HMP2	294364	226112	215	147	40143972.46	76265710
MSM6J2LB	1586	2054836	0	14273	8549	19473	HMP2	19301	14558	0	0	23014.67519	91669.66
MSM6J2LL	23752	11600525	1	133491	106914	202429	HMP2	198978	137937	0	1	1055898.88	2317700
MSM6J2LT	8707	16053316	22	126835	78366	182747	HMP2	181700	128356	22	0	5764315.378	23426780
MSM6J2M3	37966	14738983	420	478962	112145	543433	HMP2	538909	484560	249	155	7287992.04	14160560
MSM6J2MB	32715	11341389	80	243878	121307	320486	HMP2	313962	251673	52	28	20236741.36	83531420
MSM6J2MH	33799	14113021	2	224133	141686	313306	HMP2	307097	231800	2	0	33112.48316	126413.4
MSM6J2OH	1093	2779937	0	13729	5835	17274	HMP2	17162	13897	0	0	12280.34374	66828.55
MSM6J2OP	6887	16175818	0	90355	35682	109722	HMP2	109216	91138	0	0	15973.65676	67459
MSM6J2PM	9106	16723019	9	94102	71727	144527	HMP2	143604	95365	9	0	2127386.105	8255974
MSM6J2PO	17543	8027228	2	99877	80077	148081	HMP2	144850	103778	0	2	3827879.684	7962383
MSM6J2PU	6339	2121804	5	37552	24202	50598	HMP2	49646	38710	0	5	5048337.162	10853210
MSM6J2Q1	12752	16589588	130	180774	150237	303758	HMP2	302551	182527	105	23	1460971.975	6196507
MSM6J2Q3	3907	9748488	0	63587	21043	76800	HMP2	76446	64122	0	0	65939.03067	272400.7
MSM6J2QP	4250	14261134	2	54815	30635	74882	HMP2	74468	55314	2	0	556552.4373	2194758
MSM6J2R2	16377	15312426	378	256920	59950	298104	HMP2	297506	257759	236	139	23156574.36	93818530
MSM6J2R8	8295	14413049	115	76805	91143	152104	HMP2	151403	77821	78	37	35320244.4	144112900
MSM6J2RO	15058	15277235	173	121571	214219	309005	HMP2	306892	124395	155	18	15663511.26	61596600
MSM6J2SE	8818	13126488	39	93453	92270	172383	HMP2	170632	95579	39	0	750574.1429	3010698
MSM79H5G	10952	11535922	119	83376	156807	216342	HMP2	214907	85369	119	0	44163255.26	94870230
MSM79H5Q	4867	13949792	8	65156	33338	87014	HMP2	86599	65785	8	0	410088.1666	1728192
MSM79H63	4978	13889839	6	84442	44519	117379	HMP2	116996	85108	6	0	1590334.615	3203101
MSM79H6F	2551	1771459	23	18927	23588	37997	HMP2	37518	19535	16	7	22864778.14	89835920
MSM79H6Y	7740	5789955	49	88306	53526	127895	HMP2	126368	90178	41	8	1842611.088	7696326
MSM79H7G	16876	13851842	462	502919	40462	523671	HMP2	522996	503878	286	175	4948035.963	19073410
MSM79H7M	4558	10127895	2	71741	25525	85907	HMP2	85638	72172	2	0	11374.68962	50019.81
MSM79H7Q	62747	14671746	1262	1017077	139666	1087137	HMP2	1084101	1021321	769	485	76020693.71	149150000
MSM79H7Y	35038	11811024	263	349469	138010	427604	HMP2	423884	354318	151	111	59936393.65	288284000
MSM79H85	36914	17502119	874	789999	88105	836961	HMP2	835569	792007	528	337	1593347.146	7264303
MSM79H8D	8699	16390387	2	104382	47558	134608	HMP2	133507	105851	2	0	42499.36128	182551.1
MSM79H9G	42883	14159796	225	434579	150906	538504	HMP2	530237	444689	174	51	22844829.44	90356340
MSM79H9Q	9387	10685747	16	67130	71949	121005	HMP2	119657	68848	16	0	9791801.215	41087800
MSM79HA3	9093	15932347	50	80649	60778	122825	HMP2	121872	81946	38	12	30444588.68	116759300
MSM79HAH	6450	10628618	79	119211	34502	138953	HMP2	138400	119949	42	37	33414090.59	141395100
MSM79HAJ	16928	9067476	95	134149	174960	277962	HMP2	275144	137929	191	47	13575628.35	28349180
MSM79HAN	25659	14986839	231	208696	378412	535912	HMP2	532178	214013	396	131	8224396.109	15876530
MSM79HB6	6583	11025947	201	221635	31890	241908	HMP2	240840	223053	134	67	8342636.14	32189230
MSM79HC8	44228	12071396	559	527057	130377	591509	HMP2	587774	531920	344	213	46815360.73	91809230
MSM79HCR	13045	5427363	381	289584	23572	300614	HMP2	300004	290326	207	169	6971053.787	27071820
MSM79HDA	11363	5454376	2	79122	79015	127501	HMP2	126794	80449	2	0	0	23300.24
MSM79HDE	31072	13353333	0	190233	188405	300144	HMP2	298073	193716	0	0	16346.31199	36344.79
MSM79HDQ	8784	9125926	0	82856	53131	116911	HMP2	115763	84408	0	0	108853.7449	455286.7
MSM79HDQ_TR	3585	5163008	0	44536	24110	60271	HMP2	59764	45189	0	0	108853.7449	455286.7
MSM79HEY	5086	11924104	4	85061	23081	97988	HMP2	97571	85751	4	0	57145.98259	112863.5
MSM9VZEK	6525	5030015	14	66232	61257	113784	HMP2	112884	67398	14	0	7511881.522	15693180
MSM9VZEK_TR	3795	3667110	21	37601	36078	64850	HMP2	64192	38378	21	0	7511881.522	15693180
MSM9VZES	9463	7507357	75	79062	174516	235761	HMP2	233924	81354	75	0	9720271.135	37376210
MSM9VZEW	18968	11923657	0	117526	117609	186185	HMP2	184722	119748	0	0	15336.09916	75077.38
MSM9VZF7	30805	18104876	80	346193	121932	426961	HMP2	422051	352319	52	28	5679501.716	11888360
MSM9VZFR	6241	14471759	0	106171	34328	126937	HMP2	126264	107090	0	0	330089.2245	1315660
MSM9VZGO	17189	11529957	119	98764	191952	259349	HMP2	256929	101973	115	4	21080198.4	95663300
MSM9VZHB	14526	12195893	8	78915	61811	117829	HMP2	115486	81807	8	0	792203.7668	3263737
MSM9VZHF	12376	9561935	15	57734	54645	92151	HMP2	89812	60451	15	0	1201609.205	4659761
MSM9VZHR	19114	11051061	244	274533	82562	321430	HMP2	319696	276999	151	93	19676767.65	40393550
MSM9VZHX	4738	14400694	4	75720	30197	95191	HMP2	94809	76338	4	0	189478.1198	421748.2
MSM9VZI6	8489	14991250	3	104615	52357	138478	HMP2	137638	105805	2	1	13413.78491	72034.49
MSM9VZIM	29354	7428972	675	456885	65956	495187	HMP2	493297	459430	421	250	4635551.637	17672640
MSM9VZIQ	27324	14359704	301	317796	104266	380712	HMP2	378445	321009	201	100	2558679.787	9964810
MSM9VZJ3	8776	23274653	34	209840	82705	273198	HMP2	272420	211051	34	0	480337.2909	2038820
MSM9VZJZ	18762	19070558	8	188282	102916	259614	HMP2	257437	191170	8	0	182211.5426	359475.3
MSM9VZKE	12003	14778076	71	140650	159337	277437	HMP2	275403	143359	71	0	19152940.59	38204570
MSM9VZL9	34566	14309694	344	434370	131009	507707	HMP2	505353	437807	219	125	19242240.9	36173810
MSM9VZLJ	24743	12982539	479	149732	664868	763020	HMP2	759673	154598	479	0	13328161.68	59410850
MSM9VZLP	9539	6882538	111	87724	182031	249740	HMP2	248343	89784	124	22	7791020.42	15593710
MSM9VZLV	19701	10563361	55	153403	107623	225362	HMP2	222555	157096	120	36	809031.0056	3066266
MSM9VZME	4013	10748500	2	57549	29776	77827	HMP2	77453	58080	2	0	160324.3871	699866.2
MSM9VZMM	8743	21737455	101	277393	52397	309587	HMP2	308680	278740	80	21	21815533.16	41821640
MSM9VZMU	22335	16987909	236	356153	86076	406650	HMP2	404877	358762	135	100	16479140.36	64258810
MSM9VZNL	38797	10476672	85	260769	136188	330140	HMP2	324788	267523	63	22	27832545.6	58243890
MSM9VZNX	35110	17629411	752	582580	71342	620233	HMP2	618957	584419	463	288	1723391.517	6747907
MSM9VZOI	6266	11499818	2	52963	30640	71194	HMP2	70479	53934	2	0	86754.09267	353799.3
MSM9VZOO	5849	10323480	0	45588	29983	62170	HMP2	61740	46287	0	0	17352.76568	67666.49
MSM9VZOU	4446	2901686	0	30570	27962	48174	HMP2	47643	31262	0	0	0	14796.2
MSM9VZP3	10005	8433839	0	63465	52936	96622	HMP2	95429	65016	0	0	0	19308.15
MSM9VZPL	20335	14302593	131	193846	326303	465080	HMP2	463609	196479	131	0	1778890.353	7293563
MSMA267V	32839	10968616	630	433843	328105	709634	HMP2	706490	438420	396	231	1417840.949	6447556
MSMA26AL	8115	7034558	18	64031	82589	131217	HMP2	129757	65857	18	0	2925953.149	12353470
MSMA26AZ	17744	12118518	144	173223	66036	212852	HMP2	210803	175770	289	142	1149834.355	4757221
MSMA26AZ_TR	11167	9745393	50	120928	47859	150255	HMP2	149168	122347	183	119	1149834.355	4757221
MSMA26BB	28184	16251331	156	322521	125478	392583	HMP2	389548	326864	90	66	15888602.42	31829450
MSMA26BR	8145	7756226	80	83920	130075	197528	HMP2	196445	85400	74	2	6744453.863	13573070
MSMA26CX	7296	15979853	36	140823	118700	242665	HMP2	241839	141994	36	0	14063853.29	53793830
MSMA26DG	10085	7272867	3	64901	67629	106427	HMP2	105605	66226	3	0	7778.027068	30884.25
MSMA26DO	15008	15651707	0	118265	77661	164940	HMP2	163576	120308	0	0	10639.76627	51037.6
MSMA26EJ	15538	8239267	0	114964	88282	169043	HMP2	167412	117257	0	0	6585.860183	27218.98
MSMA26ET	16134	8024695	49	92769	53256	121307	HMP2	119144	95447	365	249	33946320.33	70964890
MSMAPC5D	59390	11218234	1438	1019916	112486	1076115	HMP2	1074313	1022665	913	516	8091978.059	31786640
MSMAPC6G	15594	14755703	70	199175	197074	358314	HMP2	356514	201674	70	0	16748856.55	63170530
MSMAPC6K	26710	15685742	147	325157	132136	402195	HMP2	399288	329426	105	42	16398083	31928640
MSMAPC7J	23062	13372221	49	169514	201150	329065	HMP2	325387	174208	49	0	445973.9515	1918015
MSMAPC7T	6892	11207377	45	77921	117396	179700	HMP2	179165	78799	45	0	3238773.799	12374400
MSMB4LXW	7732	6685384	13	63434	50184	96866	HMP2	96074	64555	12	1	57063.39435	254804.9
MSMB4LXY	19066	17086210	30	194880	164660	321243	HMP2	318875	198058	30	0	418180.66	1668275
MSMB4LYB	13290	11707439	55	149757	149430	270741	HMP2	269149	151999	55	0	7748492.587	32089940
MSMB4LYH	20505	9889347	183	256599	95225	312351	HMP2	309739	260178	127	56	4190347.564	17155100
MSMB4LZ4	23125	10514077	129	178002	97989	235104	HMP2	232980	180904	278	180	337139.36	1337134
MSMB4LZ8	11547	11137832	82	114979	145595	239073	HMP2	237581	117003	82	0	934793.2277	3734174
MSMB4LZC	5542	7752108	16	51710	48938	90028	HMP2	89479	52528	16	0	1345607.349	2550731
MSMB4LZK	4323	14966899	2	69821	25171	85103	HMP2	84810	70302	2	0	75623.18401	285977.8
MSMB4LZR	8109	12404623	0	62315	45058	91009	HMP2	90210	63505	0	0	0	0
MSMB4LZX	15823	7921947	133	220565	81301	268725	HMP2	266915	222971	96	37	22596698.6	43133190
PSM6XBQY	1381	1529663	1	24123	7306	28616	HMP2	28500	24324	1	0	4453360.739	20950870
PSM6XBQY_TR	2738	4473969	68	71427	17537	82456	HMP2	82235	71727	49	19	4453360.739	20950870
PSM6XBRK	19953	10618550	522	382139	40747	404381	HMP2	403371	383474	311	211	51407411.81	112101000
PSM6XBRK_TR	12318	6974580	341	307252	27982	323457	HMP2	322763	308104	208	133	51407411.81	112101000
PSM6XBSE	4032	3096696	0	29190	24009	44890	HMP2	44551	29688	0	0	0	24735.33
PSM6XBSI	4768	10691894	0	78234	32185	98861	HMP2	98378	78899	0	0	62246.10764	255459.7
PSM6XBSK	17603	11954463	210	315825	79559	361561	HMP2	359428	318608	147	63	19680076.1	78380500
PSM6XBSS	18218	18033174	403	350373	171602	488990	HMP2	487493	352414	267	136	23479434.86	50577750
PSM6XBT3	2610	4454646	0	24674	13901	33418	HMP2	32983	25156	0	0	13115.22952	64472.76
PSM6XBUG	12417	9824926	0	95069	82058	144108	HMP2	143019	96748	0	0	16818.18863	64813.1
PSM6XBUO	15432	12931589	0	131170	105865	195729	HMP2	194513	133075	0	0	14507.10275	85189.12
PSM6XBVM	4445	10082447	0	46825	19605	57966	HMP2	57392	47591	0	0	0	94000.24
PSM7J12F	1862	5912671	0	26312	13287	34521	HMP2	34357	26490	0	0	13384.47307	28187.07
PSM7J12J	2065	8378621	0	9710	9663	14755	HMP2	14604	9929	0	0	24786.22466	98544.28
PSM7J12R	1964	13334827	0	34925	9269	39421	HMP2	39346	35036	0	0	15389.83628	33687.36
PSM7J12V	10110	14308765	101	267021	52866	297015	HMP2	296369	267850	51	46	1839542.484	8012512
PSM7J136	6671	12761489	0	92102	48997	123495	HMP2	122952	92926	0	0	0	42334.97
PSM7J13E	7347	8745029	0	69578	44821	97582	HMP2	96966	70539	0	0	17111.08213	85883.34
PSM7J141	8235	20770851	0	133072	46679	158058	HMP2	157503	133928	0	0	12079.38388	53945.19
PSM7J14L	7044	10013304	0	17406	17699	21036	HMP2	20989	17600	0	0	10780.1402	56244.42
PSM7J14T	11411	7838586	14	106887	76180	162172	HMP2	160583	108939	14	0	704944.951	1459001
PSM7J14X	13554	9221630	61	162151	65683	203044	HMP2	201352	164277	35	26	4569863.821	17723730
PSM7J156	10295	9468933	155	215512	68373	259438	HMP2	258195	217200	112	43	7059372.815	14599120
PSM7J158	6074	11062911	131	80729	243205	311278	HMP2	310450	81846	131	0	2309754.586	4820607
PSM7J15M	7227	5180120	0	61570	54819	95275	HMP2	94764	62370	0	0	0	33130.66
PSM7J15U	10976	4702421	0	76982	57067	109402	HMP2	108592	78245	0	0	11927.50802	53745.01
PSM7J161	10428	15197534	0	24968	25955	30355	HMP2	30312	25190	0	0	4885.762422	22744.26
PSM7J16Y	13049	12062204	112	178305	62431	217605	HMP2	216106	180268	75	37	31597849.69	134115300
PSM7J177	17	89893	0	90	54	118	HMP2	118	90	0	0	0	20706.54
PSM7J17F	743	927681	0	1374	1501	1673	HMP2	1672	1393	0	0	0	0
PSM7J17L	10130	15550953	105	107618	256645	337965	HMP2	337170	108908	105	0	1072117.838	4219647
PSM7J17X	5722	3000360	0	35250	32119	57648	HMP2	56799	36350	0	0	102442.6604	228962
PSM7J193	5462	12477412	3	54384	33710	74230	HMP2	73908	54973	3	0	0	0
PSM7J19B	9538	19162593	136	128150	334787	440541	HMP2	439766	129455	136	0	7290850.961	15952590
PSM7J19J	7792	14471026	63	85490	148064	218358	HMP2	217356	86911	63	0	894834.5102	3775125
PSM7J1A2	10555	6390486	0	40895	34756	59386	HMP2	57960	42849	0	0	9781.363874	38277.15
PSM7J1AU	5282	10576963	14	49553	33404	70433	HMP2	70039	50161	14	0	0	0
PSM7J1BF	11051	13033769	0	116457	48060	144838	HMP2	143693	118242	0	0	26064.09097	103675.6
PSM7J1CC	12412	13913043	45	132301	112753	218316	HMP2	216884	134365	43	2	5896210.681	12106550
PSM7J1CU	17820	12222037	122	212368	71861	254288	HMP2	253244	214100	58	57	2084783.484	4388158
PSMA263W	2562	8241403	0	28927	11513	35492	HMP2	35049	29487	0	0	14365.7234	83240.55
PSMA264Q	2822	7081209	14	20525	31003	44899	HMP2	44671	20895	14	0	175780.3594	409296.8
PSMA265H	14330	6704641	0	94135	79999	139695	HMP2	138337	95958	0	0	93134.51116	413905.6
PSMA265N	4125	5869225	4	49588	38292	79105	HMP2	78516	50393	4	0	214394.2936	448776.5
PSMA265T	9078	12981584	1	108371	59698	152666	HMP2	150351	111021	1	0	42807.3494	207149.4
PSMA265X	7441	10875919	1	98061	48451	129529	HMP2	128753	99201	1	0	7925.271849	30695.99
PSMA266C	2	2235	0	7	4	11	HMP2	9	9	0	0	0	13328.12
PSMA266I	10155	11085507	118	127419	206586	310668	HMP2	309213	129506	118	0	33673398.21	66116670
PSMA266Q	6142	6700613	42	71256	77965	133504	HMP2	132967	72188	42	0	13114464.1	53022690
PSMA2675	14705	9981189	184	224612	96655	285645	HMP2	284274	226620	117	67	1194547.979	4522721
PSMA267J	18127	25912090	110	102526	279524	335550	HMP2	334282	104569	110	0	33457.85914	134705.7
PSMA267P	10586	21008906	0	70024	68872	114273	HMP2	113678	70949	0	0	61204.26339	237420.4
PSMA269W	10847	10229147	180	233993	67884	275493	HMP2	274558	235333	133	47	2011597.685	8501156
PSMA26A3	15071	9769507	114	199534	79240	249275	HMP2	248082	201255	64	50	801483.4137	3030562
PSMB4MBK	15412	8624398	37	122898	76286	166890	HMP2	165308	125142	28	9	41866135.17	82237840
PSMB4MC5	8260	6843732	21	78536	48176	108773	HMP2	107829	79847	14	7	466586.6569	967979.4